V1,V2
1,540,14826,28040
2,594
3,747,25265
4,24352
5,18479
7,46,595,11502,26100
8,399
9,13637
11,2536,18258
13,780,1748
14,4,1087,19171
15,28,2086,18259
17,19,74,12842,14797,20790
18,509,586
19,586,636,1657
20,1064,2961,3170,3722
22,16440,16973
23,960,1982,6160,11764
24,966,14807,14820
26,416,482,30621
28,523,613
29,10052
30,55,11900,14892
31,584,652,2018,29083,31564
32,1179
33,856,1018
34,39,393,463,701
36,845,23542
37,595,4897,5577,6498,11485,30305
39,562
40,1092,1161,1181,1807,2997,27145
41,11825
42,570,1628,3386,3404,3420,26007
43,744,18298
44,358,5683,15740
45,559,617,13777,18305,18339,25816
46,553,1405,11768,22062
47,630,3014,3386
48,43,5020,7339
49,586,12830
51,286,916,4438,21329
52,2946,3668,12192,19240
54,36,16793
55,4,630
56,1126,1163,27622
57,448,1181
58,64,610
60,609,619,984,5659
61,2944,3179,3423,5860
62,924,14797
63,6043
64,470,1028,10351,29755
65,588,8583,26605
72,796,875,15954
75,339,611
78,126,577,6041,7334
79,131,237,796,2997,11887
81,1744
82,1300,2964,3116,3621
84,1708
85,22428
86,233
87,544
88,7107
89,15464
90,2932,15333
91,393,5659,11539
93,1197,1634,3647
95,222,4087
96,4071,21910
99,4809
100,819,828,24459
102,585
103,1597
105,646,857,6069
107,230,398
108,3254
109,853
111,959,3149
112,310,7608,20270
113,148,17485
115,1277
117,829
118,539
120,323
122,3386,27466
123,17865
125,93,19122
127,845
128,17251
129,6638
130,5648
131,107,204,3589
134,2247
138,1179
140,1813
141,1013
142,138,263,14878,17797,30024
145,372,25117
146,857,29284
149,272,287,431
151,208
152,233
154,3504
155,645
159,3643
160,1390,18332
161,163,751,846
162,504,5854
163,457,1744
164,431,23009
166,18264
168,137
169,740,1548
170,334,761
171,106,18309
172,766,1824,3161
174,369,416,1776
175,10,13387
176,940
178,237,24410
181,581,13675
183,381
184,743,3514
185,3419
188,430,570
189,1019
190,923
193,11629
194,128,244,857,931,3514
195,381
196,822,879,1749
199,454,624,1300,3432
200,52,444
201,9451
202,84
203,814
204,734,6088
208,39,904
209,873,3722
210,414,508,618,794
212,393,643,18458
213,8654
214,1086
215,18384
216,402
220,401,18703
222,171,666,1013,4080,6248
229,476
230,294,13784
231,3401
233,860,878,3529
235,857,933
236,538,1023
238,218,605,891,9826
241,24333
243,5861,7707
244,429,3499
245,31718
248,114,420
249,29601
251,1984,3152
252,12444,17266
254,277
255,857,3053,3193
259,112,330,431
260,13864
262,251,441,29896
263,54
264,1032,11522,18431
265,447,551
266,24,891
267,170
269,63
270,280,735
272,1146,14851
273,765
274,280,7050,14952
276,316,831,6061
277,636
278,3205,3367
281,1828
284,542,823,830,870,3518,4650
286,297,13516
287,174,242,439,660
288,3390
289,10773
290,637
291,181
293,210,28601
294,3104
296,1149
297,15090
300,3303,3619
301,530,6011
302,855,18268
303,917
306,1025
310,997,3465
311,822,1117,3104,3179,5239
313,87,448,762,884
314,3312,18470
317,588,667,680
318,1586,3442,3645,14088
319,132
323,538
324,322,470,1994
325,1789,14922,25378
328,1085
329,585,881
330,899,3082,3200,8570
332,541,798,917,930
334,424,1020
339,459
340,36,418
342,393,1111,18290
343,18391,31161
344,2353
346,982
347,618,976
348,5889
349,420,988
350,3930,14289
351,372,3298
352,1522
353,958,2729
354,5383
356,46,382,975,982,1885
357,980
359,595,1028
360,393,1471
361,1477,4401
362,1886,29741
363,958,1111,5603
364,1006
367,6041
368,424,971,7171
369,334,429,3009
371,637,956,26051
372,539,5648
373,1646
375,1504,29706
376,547,7184,10578
377,359,979,1023
378,13940,29105
379,527,11296
381,18320
382,1018,1505
386,594,3340
387,1953
388,18413
389,1002,14976
391,1020,27554
392,1463
394,5793
396,423
397,1009,1987
398,1007
400,924,1429,18455
402,369
404,373,8249
405,1418,5577
407,18412
408,957
409,643,967,27142
410,952,983,1135,1634,1991,8003
413,3412,7166
415,492
416,3927
417,986,1523
418,541,958
420,1020
421,1901,28755
426,1532,18306
427,3412
429,602
430,1033
431,378,18319
433,10203
435,24014
436,1548,1874
438,16839
439,62,652,2946,3637,4809
442,18394
444,500
445,12594
446,347,373,1607
447,370,377,958
449,976,1965
451,23187
452,9571,14611
454,1945
456,9863
457,1007
458,18419
459,380
460,1991
461,1003,8741
467,369,17009
468,18450
469,2961
470,625
472,845
473,454,18321
475,1218
477,55,29026
478,5679
481,292,519
482,999,3561,5986
485,850,1953
488,537,880
491,547
492,29,547,617
496,147,976
497,553,923
499,18475,20506
500,3372
501,5563,24322
502,1991,14808
503,522
504,62,2974
505,551,901,12637
507,131
508,482
509,5577
510,538,947
512,564,595
513,1037,18417,29751
514,16,5589
515,5,14987,29860
516,5,339,880,1043,1512,1622
517,539,564,16255
518,34
519,608,1632,3035
520,3010
522,1163
523,5951,14798
525,515,23669
526,50,1189
527,9,29,308,1143,4439
528,264,790,836,3048,10435
529,508,7282,18312
531,291,310,553,2973,18336
532,719,1519,3006,3526
533,51,2945,3008,3380
534,528,4465,27355
535,366,531,2795,29747
536,774,3048
537,577,23507
538,266,540,3049,4826,8353
539,652,5920
540,1,64,18263,18392
541,524,17240
542,51,3240,3362
543,573,3388
544,515,1396
545,127,571,2946,5603,27408
546,59,1512
547,1304,1342,20392,22348,27768
548,15468
549,2945,11735,20721
550,504,5951,11539
551,413,611,8575
552,14808,27554
554,313,1775,17270
555,590,10358,19415
556,14925,29753
558,7779,18322,18339,26505
559,43,11616,11977,18281
560,14808
561,62,71,27974
563,28842
564,29204
565,204,620,3017,3393
567,370,1126,1991,3042,18054
569,1155,1396,9297,11599
570,2968,4715
571,435,5980
572,40,596,3318
573,40,583,591,644,18284,28026
574,1212,1560,2105,2964
575,458,632
576,46,637,1113,1763
577,376,564,649,23891
579,522,561,15004,28691
580,1378,11478,14903,14988,18473
581,2990,8596
582,713,1146,13387
583,140,596,610,1116,2958,30407
584,2,491,555,23583
585,14803,15037
586,161,369,1129,1539
587,576,1880,8820,10674,12234,14878,14890
588,1168
590,81,624,653,924,942,2968,3412
591,1,470,11964,14794,26157
592,109,448,505,18395,18465,27678,28550
593,541,2151
594,144,399
596,1193,1627,2111,3046,17023
597,553,11506,18306,18317,22237,28689,28807
598,54,58,424,443,499,637
599,5888,9314
600,10,630,3655,6524,20553
601,5654,18309,18363,20666
602,57,14823
603,3386
604,956,980,13417,14824
605,566,979,1146
607,5659
608,109,549,1093,1129,1251,1495,2965,3336
609,39,456,641
610,28,43,122,5022,23467
611,399,553,2199,14812,14842,18846
612,740,14817,18312
613,431,538,18308,20758
615,44
616,418,584,889,15730
617,589,1003,1164,14831,18274,18320
618,485,738,3234
619,37,372,388,441,3200,18056,18438,23230
620,356,5585
621,498,3380,9347,18428,28692
622,1599,11559
623,3200,3392
624,13,1181,23392
625,47,632,1344,1571
626,1057,3049
627,62,600,1183,1653,1747,1933,3008,3048
628,19,393,1983,30806
629,5804
630,3336,3738,3745,5590,16155
631,37,543,3027
632,590,677,6043
634,525,983
635,123,1188,1285,14851,18284,21485
636,34,1529,14817,22603
637,1569,14801
638,761,2072,6650,8524,18900
640,15480
641,560,5888,15699,18317
642,3006,11557
643,180,585,1788,3752
644,40,5620
645,43,5623,7577
646,152,14877
647,149,420,1198
648,53,613,6017
650,592
651,1145,3042,3404,4931
653,1186,1594,3424
660,305,681
661,320
665,1994,2922
667,1214
668,3287
671,29
673,3017
679,4699
691,1399,4731
692,691,951
695,515,5577
696,664
698,522,931,28833
702,170,510,2980
703,18431
706,39,553
707,1407
709,19
710,27953
714,5,18415
718,678
720,15064
729,128,3390
730,720
736,13666
739,414,18419
740,448,544,962
742,9
743,292,310
744,459,933,3149
746,233,616
747,58,240,294,4523
748,3167
750,311
751,275,14863
755,1217,7462
757,632
759,101
760,132
764,123,213
765,186
766,3144,3175,3630,8293,10507
768,233,352,18374
769,273
773,378
775,1231,1465,7315,11359,18458
776,1816,3475
777,423,519,602
778,855
779,3138
780,3014
781,117
782,1494
783,43
784,3404
787,150,1779,14938
789,88,1334
791,1763
792,3540
795,36
796,1074,31903
798,84
800,1193
802,748,3006
804,822,884,1578
810,14924
811,4392
814,530
815,109,112,2272
816,435
817,2961
818,3200
819,1076,4240
820,16815
822,1160,3526
825,365,907
827,311,1383,23331
828,65,468
829,15049
831,597
832,420
833,280,756,855
834,1717
837,940,1645
839,170
840,15036
841,5,124,455
842,14926
843,87
845,47,220,265
846,307,889
847,859,1525
848,586
849,8313
852,19661
853,114
854,40,88,369,441,1485,3048
855,120,379
856,711
860,850
864,99,322
865,841,25601
867,28191
868,699,914,13945,14874
869,36,378
870,3381,22478
871,313
872,888,1812,14878,15036
873,224,1311
874,793
875,3271
876,266,561,857
877,1539
878,230
879,277
880,529
881,14878,14950
882,1275
883,692,1025,1532
884,660,3263
885,44
886,110,380,911
888,2015
889,1207
890,245,1813,14863
891,387,793
892,191,210
893,645
894,3087,3116
895,1354
896,51,59,305,311
897,218
899,3091
900,109,449
901,775
903,99,255,731
904,5590
906,187,1015,18458
907,203,14905
908,18113
910,129,18339
913,18268
915,1422
918,7377
920,587
921,272,507,1124
922,493
923,91,120,376
925,429,15049
926,122,13688
927,671,1239
928,210
929,5603
930,410
932,192
933,924,3091
935,265,270,851
936,190,716
937,1033,15034
938,2997
939,280,729,1750,29490
940,102,321
941,414,421
942,84
944,137,795
945,603,22435
946,1422,18382,18431
949,97,455,655,1212,7418
952,459
953,1171
954,620,19544
955,427
956,369,382,1073,29747
957,1638,6253
960,4
961,449,3263
964,324,3755,4445
966,1916,1977,3255,4340
967,350,541,627
969,43,959
971,1023
972,18452
974,978
976,399
977,341,1547
979,13774
980,429,1643,1880,1965
981,379,959,1486,7037
983,975,986,1189,24631
985,997,18406
986,1519,2284
987,369
988,20756
990,421
992,351,411
993,372,438,447
995,616,3697
996,611,980
998,26559
1004,442,975
1006,366,967,5892,18252
1008,5912
1009,411,1022
1010,402,988,1020,3311
1011,374,12407
1012,29478
1013,32,1523,1938
1014,445,14621
1016,399
1018,378
1019,956,971
1022,414,975
1023,1025
1024,1991,3721
1025,414,11622
1026,18281
1028,18308
1031,4841
1033,1003,6121
1034,30903
1035,29211
1038,884,991,25350
1040,46,1177
1041,1232,1401
1046,1315
1049,1116,1164,1188
1052,1602,3301
1056,1037
1057,901,3688
1058,18395,27575
1059,2170
1060,323
1061,3530
1062,233,1135,1607,2964
1063,627,3390
1065,507,1086,11062
1066,3643
1069,588,2968
1070,1529,2974
1072,1164
1073,350,7832
1076,3026,3417
1077,1473
1078,1059,1155,1181
1079,2974
1080,1198,3297,10221
1081,397
1083,6043,14851
1084,643
1086,420,456,637,18320,31081
1087,1183,3372
1089,2035,2054,2121
1092,1613
1093,2034,2075,11492
1095,7798,30718
1096,1614,30424
1098,1136,1195,7826
1099,1108,1574,1614
1101,86,1592,25427
1102,2925
1103,1106,2041
1104,1119,4046
1106,4036
1107,3677,11431,29498
1109,15102,18510,23535
1110,1651,22068
1111,1145
1112,1462,2999
1113,1879
1114,1087,1138,1937,11284
1115,1093,1624,1646,1663,2109,2160,4096,4293,4331
1116,90,2972,17753
1117,1170,1660,3329,3379,3422,31659
1118,79,582,1150,3454,4369
1120,150,591
1121,490,627,1149,1914
1122,28605
1124,1198
1125,1176,1179,1628,7843,26751
1126,647,1251,1949,7848
1127,1131,1187,2454,3405,4106
1128,1152,1623,3804
1130,1498,3746,4358,6016
1131,1653,9620,29788
1132,3816,4069
1133,1379,7585
1134,1586,3325,16320,28057
1135,1144,1985,2922,6058,7839
1136,1135
1137,1193
1138,1660,12922,18412
1139,546,1071,1089,1572
1140,1618,3422
1141,1980,2932,3422,7843
1142,1182,3566,4123,14819
1143,1062,1599,3278,3419
1144,1216,1460,2969,3329
1145,642,1564,8014,30067
1147,1981,7796
1149,27977
1150,1710,3032,3135,27977
1151,1825,23174
1152,2124,2220,2379,10968
1153,2109,4094,22315
1154,59,22058
1155,653,25564
1156,90,1143,1881,2006,3460,7596,31243
1157,3035,3425,3867,4123
1158,1138,1603,1640,2535,2677,3247,4068
1159,2151
1160,1632,3017,3336,3723,8276,28197
1161,29158
1162,2712,3422
1163,547,1932,14953
1164,633,1179,20768
1165,1644,4438
1166,499,2466,3128,3712,4299
1167,583,1179,1786,3040
1168,59,62,596,685,1126
1169,1166,1660,2526,3795,27082
1170,1566,1970
1171,1436,7921,20765
1173,1137,1653,1941,2116
1174,1568,15838
1175,1662,1663
1176,1583,1587,1603,3383,3496,6505,8014
1177,56,374,1014
1178,2834
1179,56,265,541,1305,7835
1180,1581,1656,2159,2874
1181,542,1163,3027,3686,14826
1182,2119,2139,2427,2892,3798,3976,4046
1183,28494
1184,1528,2713,3290,6514,8242
1185,593,7965
1186,604,14821
1187,1933,2527
1188,747,872
1189,1532,1746,1896,1898,22061
1190,2167,2473,4009,7596
1191,2982,4076,4107,5423,15919
1192,1099,4246,6750
1193,56,931,1117,1969,3412,5144
1194,1165,1548,18587
1195,585,26394
1196,1624,8083
1197,1295,1595,1652,5435
1198,4,1642,2015,3222,8424,22322
1200,3168
1207,27010
1210,18277
1211,1183,2113,6250
1214,644,1322,1789
1216,2002
1218,498,1441,1960
1219,84,1217,1996
1221,567
1222,7768
1223,44,26752
1224,1586,4306
1225,29485
1226,3497
1233,942,1212
1237,1314
1238,1726
1239,1789,8635
1240,1375,1831,1930
1242,4209,15677
1243,7558
1244,1128,1309,4076
1245,1769
1246,4242
1248,1418,3075,3130,3220,14747
1249,1188,1297,1314
1252,55,8076,22328
1254,3419
1255,3653,11983,16148
1256,602
1260,1176,3168
1261,218
1267,1480,1816,3422
1269,731
1270,32,1633,1732,1735,1764
1271,7987
1273,230,1957
1279,1745
1281,9884,18808
1284,141
1286,1601
1288,3278
1289,1146,1780
1293,1177
1296,1436,15614
1298,1732
1300,822,1392
1301,1295,3952
1304,917,1744,22049
1305,13188
1306,1768,7731,8260
1307,750,3168,3578,3580,15778
1309,1580,4088
1310,12110
1311,3116
1313,1725,2220,2637,3068,4190
1317,79,1730,3518
1319,163,1763,16173
1321,1584,1618,1628
1322,141
1323,44
1324,1672,2121,8105,9208,14817,15775
1328,1379,2467
1329,1634,8411
1330,1283,2312
1331,149,1749,3475
1333,294
1334,3306
1335,1926,3727
1337,1488,1847,3102,3472
1338,3749,27579
1339,13663
1340,2460,3006,7691
1341,2250
1342,1828
1344,637
1345,280
1348,1531,3168
1349,1278,2567,7377
1350,872
1351,3221,3263,3418
1352,3547
1353,1590,3316
1354,2007
1355,180
1357,140,850,1515
1358,1546
1359,1623,1767,2969,3086,3560
1360,234
1362,16598
1363,1214,1790,1879,16297
1364,1249,1980
1366,1500,3188
1367,56,627,1465,1516
1369,1197,1797
1371,2487
1372,541,1746
1373,2972,3651
1375,1138,3517
1376,5313
1377,1251,1329,4208
1378,2187,7653
1380,1168
1381,1684,18363
1383,1741
1385,1711,1813
1386,1284,1388,8231
1387,1277,7913
1388,428
1389,2157
1390,1964,14853
1393,1590
1394,1826
1395,1552,15093
1396,62,141
1399,150
1403,1465
1404,2313
1405,8061
1406,1927,4014
1407,4420,8259,31954
1408,1625
1410,1412,1972,8259
1411,1535,8019
1413,17159,18480
1415,6465
1416,1929,1960,7999
1417,3404
1418,2327
1419,4087
1424,1468,1492,1901
1425,1939,1996,7944,8263
1427,2392
1428,8260
1429,1188,1957
1430,966,1986
1431,1554,1985
1432,11698
1433,1497,2009,2125,3303
1434,1417,1502,1957
1435,14613,27644
1436,1918,11508
1437,2733
1438,24025
1439,3703
1440,2754,2916,4296
1441,1181
1442,1110,2525
1443,3916
1447,1622,1987
1448,8299,11012,18337
1449,1146,1607
1450,1112,1539,1607,1993
1452,1607,9560
1453,8041,8098,8264
1454,1125,1564,2968
1456,1505,1510,12966,15896
1457,1506,8118
1458,1546,2035
1460,2118,2713,3759
1461,3379
1462,1119,1531,5931
1464,3258
1467,1175,1502,4829
1469,1466,1546,1598,1983
1470,1979,23694
1473,1529
1477,366,955,4753
1479,1965
1480,1427
1481,403
1482,1507,1553
1483,1589,8259
1485,351,1932
1486,1170
1487,1413,1628,2715,3323
1488,1478,1946,3258
1489,7966
1490,14091
1491,1532,3281
1492,1546
1493,1645,6195,8255,14964
1494,8606
1496,1123
1497,1553
1500,1528,2717
1501,1550,2964
1502,1466
1503,351,1502,1511,2289,7936
1505,403
1506,1943
1507,2932,3320
1508,5918
1509,1483,3723,7921
1510,2346
1511,418,1955
1513,12880
1516,7998
1517,2075
1518,387,1463
1519,24616
1520,1195,1965
1521,1165,1411,1488,1555
1523,360,400,2015
1524,1537
1525,1025
1526,1898,1994,29598
1528,1134,3744
1529,980,1067,27859,27963
1530,1403,1455,1494,1984
1531,1972,8249
1533,1595,1849,3389
1534,2313,3318
1535,1931,8017,10828
1536,1482,29304
1537,1953,3545
1539,980,1434,1459
1540,1446
1543,1476,3796
1544,10265
1545,1485
1546,2728
1547,8259
1548,1422,1971,8049
1549,970,1129,1956
1551,587,1598,14969
1552,984,1139,8292
1553,5348,29678
1554,7556
1556,1947,28006
1560,15086
1561,952,14924,14971,21903
1562,1613
1563,19943
1565,2050,4165,4204,4330
1567,6337
1568,294
1569,1944
1570,2342
1571,14889
1572,7855,19238
1573,23502
1574,1625,2029,3372,3775
1576,1636,19141
1578,2125,3472
1579,33,7913
1581,3072,31993
1582,3036,6732
1583,55,90
1584,1580,1619
1585,1811
1586,1099,1610,2804,3752
1587,1197,1780,14800
1588,490,504,1945
1589,3068,6205,28468,29764
1590,2470
1592,1188,1468,1569
1593,123,1638,21800
1594,199,1745
1595,1176
1596,97,2803
1597,19,1117,3730
1598,62
1599,1413
1600,878,10322
1601,3094,4087
1602,92,1131,1442,1505,3144,29544
1603,1260,1628,2737,3037,4054,4111,24825
1604,12708
1606,1132,1147
1607,3032,18341,22603
1608,1478,1658,2475,2836,25146
1609,1165
1610,1618,2527,2972
1611,1634,3042,16318
1612,2392,3329,23806
1614,1456,1584
1615,1115,1160,1586,2503
1616,743,1110,8634,13120
1617,1494,2076,2201,14430,22318
1619,1643,2958,3404,3976
1620,1268,9806
1621,1131,7842
1622,1111,1577,1977,7842,27984
1623,1112,1929,2950,3303,8386,20290,28359
1624,17886
1625,1096,2406,2523,10681
1626,3170,3832,4225,7595,7773,28840
1627,1271,1498,1618,7913,10629,25647
1628,3041
1629,1568,1631,19634
1630,1191,1537,3036,3847,23672
1631,624,644,1036,9299
1632,1354,3017,3730,18587
1633,544,585,1166,1282,1933,1990
1634,1179,1607,21786,27477
1635,637,1796,2972,3128,13808
1636,532,1468,1659,9905
1637,3351,27561
1638,16844,20258,29407
1640,1793,12864
1641,1190,2619,3795,4058
1642,1638
1643,1111,1491,2433,2528
1644,2065,2127,21710,25237
1645,956
1646,2065,2392,4012
1647,471,624,1137
1648,1653,13546
1649,616,1634,3010,3041,6411
1650,1139,1624
1651,1457
1652,14837
1653,1375,7887
1654,141,1632,7844
1655,199
1656,1475,2460,6189,7902,8072
1657,286
1658,1622
1659,1188,14463
1660,1534,3378
1661,1129,2127,2547,7825
1662,1119,1524,2371
1663,1140,1960,3795
1664,1344,7282
1669,3646,4177
1674,2053,3566
1675,1879,25249
1676,1193,1284
1679,138
1680,3449,3768
1682,1403
1683,1581
1686,1191,4293
1687,1840
1688,60
1689,1851,3788
1691,1735
1695,9563
1696,3111
1702,764
1705,1574
1706,16,5999
1707,3104
1708,608,1756,8041
1709,7854
1710,1732,29066
1711,134
1714,3447
1716,1158,1619
1718,1756,2011
1719,2127
1721,1142,13867,23070
1722,1129
1724,1813
1727,93,1215,6266
1728,598
1729,3152,3446,3647
1732,114,284
1736,1155
1737,1329,1494,2119,3068,4219
1738,1187,1535,1556,16097
1739,15931
1740,15065,25931
1741,633,1277,1293,29753
1742,2271,3161
1743,2017
1745,1300,28929
1746,1701
1747,23906
1748,13377
1750,7906
1751,24336
1753,7823,16969,24912
1754,542
1757,1322
1759,1284
1760,8281
1761,3367,16207
1762,1693,3867
1764,26501
1765,1594,5763
1767,1216,2559,2641,3032
1768,850,1285
1769,8974
1770,1271
1771,1718,1828
1772,1170,1549
1773,605,1546
1775,760
1776,1164
1780,1360
1781,1286
1782,1366,1437,1813
1783,1853,7839
1786,1932
1789,57,565,786
1792,3813
1794,1660,3183
1796,8000
1797,1690,6179
1800,807
1801,1224,2039,7825
1808,30103
1809,1608
1811,1333
1813,2547
1814,58,14878
1816,172
1820,251,1396,1708,2008
1821,1293,1769,1780
1822,2633
1823,290
1825,872,1949
1827,1311,1717,29853
1831,2003,2661
1832,7965
1833,538,1947
1838,26071
1839,19749
1841,991,18232,26253
1842,1115
1844,1096
1845,2433,3733
1846,2273
1849,413,984,1455
1851,3773
1853,2273
1855,333,633,1472
1856,957
1858,1956
1860,1486
1861,1403
1862,26006
1863,1608
1870,1941,3303,3328
1875,1987,31054
1876,1128,1553
1880,426,1898
1881,1295,4076,24470
1882,1906,8799
1886,14837
1892,596,1963
1894,3314,3354
1895,1452,1531,2000,4617
1898,333,387,591,1506,1598,2010
1899,1502,3730
1901,1465,1931
1904,1519
1905,7944
1906,1167,1471,1939
1907,1491
1910,3422
1912,4627
1916,1425,2337
1918,1025,15486
1919,1164,21483
1920,1516,1932
1922,452,1449,2017
1923,1430
1924,23235
1925,2535,2960
1926,1498,3264
1928,1437,1502,3156
1929,4297
1931,1943,29146
1932,445,1539
1933,18717
1934,1963,2330
1935,1413,3303,3410
1937,1583,1623
1939,9548
1940,1608,2155
1943,2008,28508
1944,447,1023,21289
1945,1535,3981
1946,1418,3328
1947,1470,1475
1948,2017,7855
1949,403
1950,1534
1951,1096
1953,1947,8000
1955,1453,7917
1957,1479,13252,16826
1958,442
1959,432,7948
1960,3386,4559,14055,14979
1961,360
1962,1443,3916,4282
1966,3410
1967,1598
1969,1524,2751
1970,1119,1491,3422
1971,400,1508
1974,1506
1976,1602
1978,23101
1979,1946,3335,4018
1984,355,1527,10971
1986,1497,2662
1987,28163
1989,1476,1532
1993,1540,1627,1963
1994,1463
1995,5906,8014
1996,1963,1994,7913,24838
1997,1130,1437
1999,525,1468,2006,8272
2004,1491,2005,3264
2006,8030
2007,397,3335
2008,1435
2010,1502
2013,7965
2014,2346,18334
2015,1492,3824
2016,1178
2019,1552
2020,8036
2022,2668,2677,3859
2023,7429
2024,28473
2026,19090,28071
2027,6494,26917
2028,6557
2029,1169,2773,2834
2031,2803
2033,4012
2034,1103,1553,1581,1627
2035,2100,2299
2036,2501,2729
2037,2513,15728
2038,2439,4178
2039,2111
2040,2090,4377
2041,2089,2100,2667
2042,1103,2063,2461
2043,1103,2468,2518
2046,2454,4044,28801
2047,2065,2518,2803
2049,3821
2050,2473
2051,1578,1721,2456,8971
2053,1869,3403,7344
2054,1584
2058,2444,7278
2059,3821
2060,2039,2861,21888,27977
2062,2405,2412
2065,2027,2035,4073
2067,1089,1713,2074
2068,2441,4688
2070,4054,4055,4064
2071,1543,4084
2072,2295,2827,3801,4107,7630,12318,30242
2073,2031,2811
2074,17988
2075,5435,8048
2076,1565,1615,2118,4773,10731
2077,1169,1602,1977
2078,2276,2955,8113
2079,6286
2081,2060,2114,4307
2082,2121,7824,13776,18308,21936
2083,1514,2118,5545
2084,2519,11942,14038,15731,24007
2085,4925,6286
2086,2448,2468,2607
2087,1646,1972,2022,2117,4185
2088,1646,2900
2089,2683,4693
2090,2121,2533,2624,2724,4111,7959
2091,2473,4415
2092,2469,2714,2782,24988,26559,27273
2094,1616,2788,4780
2095,2076,2900,4461,21735
2096,2100,27851
2097,4025,14038
2098,4443,29151
2100,2123,2145,2448,22485
2102,1140,2122
2103,10687
2104,2534,4715,13395,25005
2106,2354,2910,3914
2108,2434,2533,4331,28601
2110,2078,2116,2412,2513
2111,1096,2002,2478,2835,3872
2112,2203,2435,15633
2113,2342
2114,2119,2844,16996
2115,2340
2117,1169,1646,2034,2462,4356
2118,1131,2153,2501,2835
2120,2090,2154,2486,4337,14825,23646
2121,1103,2829,2904,4320,4338
2123,2386,2516
2124,4419
2125,2855
2126,3867,7041,11632
2127,1251,1614,2781
2129,2089,19082
2131,4405
2132,2079,2091,19244
2133,2113
2134,2504,2782
2135,2488,2495,2817
2136,1096,1618
2137,2468,2704,2852,14038
2138,2470,2891,3821
2139,1615,2417
2141,1646,2469,2760,2880,11409,27120,29753
2142,2209,2459,2803,26650
2143,2148,2500,2513,2785
2144,47,4126,17886
2145,2091,2499
2146,1604,2116,2435,2867,4832
2147,2811,14283
2148,2121,2139,2515
2149,2031,4477,5905,15322,15453
2150,2167,2276,2475,6008
2151,1458,1644,3795
2153,4728
2154,17838
2155,3837,3867,11429
2156,2533,4100,27901
2157,2457
2158,13872,14070
2159,2312,3854
2160,1602,7843,21784
2161,2215,2412,4531
2162,1869,2160,2965,8099,29728
2163,1261,4022,13833,19757
2164,1178,1584,1603
2166,2063,2135,4710,13872
2167,1158,25285,25824,28893
2168,2839,12840,28606,28885
2169,2520,3802,4100,14125
2170,8113
2173,2323,4318,10058
2174,2559,6253
2176,2227
2177,2265
2178,2602,3981
2181,4210
2182,2141,4140
2183,2622,4131,4140
2186,2520,2543,15468
2188,2225,11514
2189,1644,2466,5068
2193,2642
2195,2172,4169
2196,19573
2197,2766,9106
2201,7956
2202,2049
2203,3086
2207,30578
2208,6533
2212,8113
2215,2509
2220,1614,4232,13157
2222,1336,6378
2224,2353
2228,2426
2230,4780
2232,2637
2234,1382
2235,2500
2245,3878
2248,3976
2250,2802,8235
2251,3859,4313
2253,2788
2254,669,2589
2257,2746
2260,2259
2261,2037,2445
2262,31917
2264,2109,2334,4575
2265,2098
2266,2354,3905
2267,6589,17897
2268,2764
2269,1190,2457,3770
2270,1929
2275,2330
2276,13709
2277,2708,3905,4085
2281,403,2009,2513,2661
2282,2072
2283,2347,2400,2856,4769
2284,2737
2288,2518
2289,1187,4356,8268
2290,4454
2291,2364,4822
2292,2749,3950
2294,4780
2298,2820
2299,2100
2300,2535,4553,4813,25341
2301,2111,3024
2303,2011,2369,8280
2304,2301,12924
2305,2016,2818,4069
2306,2504
2308,4460
2309,2509,4333
2310,2285
2312,7957
2313,1462,2511
2316,2270
2317,2772,19684
2318,4828,20932
2321,2735
2322,1430,8033
2323,2002,2364
2324,2751,6463
2329,4006,10729
2330,4329,4331
2331,1580,2719,2755
2332,2717
2334,1553
2335,2005,8303
2338,4288,4304
2340,4625
2341,3988
2342,2738
2343,2717
2345,1977,2559
2346,1846,8300
2349,2357,16309
2350,2772,10854
2351,4452,9247
2352,2491,4621
2353,18765
2354,2144,2338
2355,1482,2295,16926
2356,3937,4346
2357,1660
2359,2776
2360,13976
2361,2509,4087,31827
2364,2394
2366,4671
2369,1103
2371,4294
2372,1512
2373,1925
2374,2706,16396
2375,2645
2376,3943
2379,1478,1581
2380,1500,2753,14621
2381,2121,2299,2359
2382,2400
2383,1614,6260,8276
2387,2354,4341
2388,1863,2122,8014
2391,2413,3901
2392,1653,3297
2393,14849
2396,559,2165,2338
2398,2708,2767
2399,2319
2400,2022,2534
2401,1500,6469
2402,1608,11736,16276
2403,2128,2351,21002
2404,2512
2408,4057,4108,4217,28205
2409,4104
2410,14070,27210
2411,2150,2830,13872
2412,4808
2414,6511
2417,2169,4095,4096
2420,22374
2427,26851
2428,2140,2424,14063
2429,2541
2430,18336
2431,2414,2503
2432,1500,2134,2535,4087
2437,2696,2743,4728,4778
2440,2451,20583
2442,1152,2676,3778,3820,3837
2443,24
2445,548,1098
2446,2505,5069
2449,2662,2863,3789,15484,16773
2451,24220
2452,2258,2421,23858
2453,2256,6463
2454,2693,24139
2456,2426,2653
2457,3847
2459,2793,4456,5639,12215
2460,1182,2132,2805,2876
2461,1135
2462,2433,2731,18331,29274
2463,2049,2148,2551,30853
2464,2161,2164,2502
2466,6558,16327
2467,2127,17281,18315
2468,2099,2141,2149,2158,2161
2469,18747
2470,2141
2471,2109,2170,6494,19216,27718
2472,5621
2473,2135,2371,16404
2474,3999
2476,4398,14045
2477,2034,8081
2478,2208,11791
2479,31071
2480,1170,1749,2128
2481,2441,19769
2483,1190,2134,2136,2434,4120
2484,2037,2065,12404,22193
2485,6239,6255
2486,2789,4446,4737,13822
2487,15877
2488,3788,13953,18744,23446
2489,2916,4124,25660
2490,2134
2491,4603
2492,1103,1190,2425
2493,2596
2494,2909,21446
2495,2053,4113,16321,19573,24429
2497,2537,4660,6533,16312
2498,2773,14089,24217
2499,2486
2500,2156,2314,3004,20026
2501,2156,3868
2502,1152
2503,2148,7860
2504,2089,4225,4460,14038,21831
2506,123,4768,10118
2507,2095,4628,12067,16567
2508,2327,4660
2509,2142,6214,17819
2510,9363,23141
2512,2506,13855
2514,31488
2515,12196
2516,3806
2517,2534,4301,4692,27788
2518,2151
2519,1646,2089,6769
2520,2095,2502,14993,17986
2522,2482,5339
2523,3996
2524,2042,2146,12293
2525,2091,2142,2386,2591,3828,6698
2526,4749,26142
2527,8090
2528,2102,2167,2690,4121,23695
2530,2049,2338,28299
2531,1565,2253
2532,1662,1910,1977,8081,23584
2533,2092,2444
2534,2213,26549
2535,1162,2105,2802,3801,4038
2536,2506,4030,16900
2537,2392
2540,6434
2543,4466,4752,6226
2545,6702
2551,4124,4519
2555,3825
2557,1609,2106
2560,2729
2561,17015
2563,2155,4012
2566,4164
2567,1159
2569,2062,2454
2570,2113,2234
2571,1158
2572,3867
2573,28054
2575,4663,6409
2578,2369,2508
2582,8177
2590,4356
2592,2506
2593,2115,2123,4058
2595,1234,2072
2596,4021
2598,2217,4337,27260
2600,3834,4353
2601,2250
2603,1478,2077
2604,1182,2626,2992
2605,2398
2613,2835,22292
2616,1847
2620,4092
2623,7877
2625,9669
2627,9609
2628,2484,2594
2629,2083
2630,4315
2631,10442
2634,4320
2636,2281
2643,2667,4330
2646,2026,3788
2648,2530
2652,2778
2653,4795
2656,2438,3962
2658,2039
2660,2691
2661,2042,7794
2662,2449,2678,3815,12294
2663,3893
2670,8033
2673,2811
2674,2271
2675,2109,2294
2676,1103,1418
2678,413,3859
2679,2156,4043
2680,2455,3918
2683,1869,2751,4087
2689,2377
2691,2051,2259
2695,7514
2697,1534,1985
2701,2386,7983,8031
2702,4832,27963
2704,1103,2049
2706,2350,2379
2708,2382
2710,2693
2711,2739
2713,1847
2714,14851
2717,7765,25340
2718,2072,6370
2720,2072,2130,4299,5186
2723,2710,4598
2724,2340
2725,1929,2729
2726,2278,2719,3989
2727,19714
2728,7981
2729,2111,2710
2730,2299
2731,4628
2732,2065,2531
2733,4304
2735,4629,4822
2736,4575,5012
2737,1427,1517,2793,4306
2739,2882,3881,12747
2740,2758
2741,2357,2836,3881,4120
2745,19901
2746,2498,2648,9039
2747,2404,8072
2749,2053,2386
2750,2364,27747
2751,2055,2065,2324
2752,6392
2753,3797,12415
2757,2954,3881,4011
2758,2281,3897
2759,1619
2760,1502
2764,28228
2767,2337,4353
2768,5808
2772,4302
2773,2299,2340,4443
2775,9087
2776,2167,3908,4025,4076
2777,398,2063,2097
2778,2487,8300
2780,2026
2783,2125,2897
2784,2374
2785,2828,28585
2790,2136,4415
2791,2153
2793,2092,2300,2473
2796,2072
2797,2503,6904
2799,2097,11553
2801,251,2468
2802,2468,30959
2803,1178
2805,1565,4032,28812,29747
2806,2527
2807,4337,4467,13872
2808,3825,11514,24134
2809,2156
2810,4453
2812,4237,7936
2813,2115
2814,2470,28845
2815,2167
2816,3957,4118
2817,3867,3985
2818,2866
2822,1556,1658,2116
2823,2121,2330
2824,2327
2825,11600
2826,594,2525,2532
2828,3927,30152
2829,4353
2830,1103,2354,2408
2831,3810,9211
2833,2435,2478
2835,2092,2637
2837,2150,2818
2839,2477,2509,8030
2842,2288,29146
2843,1190,3976
2844,2758
2846,6750
2847,1138,2402
2849,2310
2854,351,3823
2855,2125,2565
2859,2433,22606
2860,2044,3809
2861,7956
2863,4126
2864,2002
2865,2700
2867,2127,6562,7834,8093
2869,1178,1614
2871,2441,2855
2873,4917
2875,7830
2877,4937
2879,2113
2881,2135
2882,2486,2802,4306
2887,5616
2888,2079
2890,1608,2136
2892,3848
2893,6261,7936
2894,2158,3954,4014
2896,1190,2856,4296
2897,2802
2898,2170,2844
2900,2120
2901,10607,31530
2903,3936
2904,4118,13792
2905,1138,2508
2906,2450,2616
2908,2083,3950
2909,4565
2912,2507
2913,2323,2607,4307
2914,2337,4108,13846
2915,2156,2299,2422
2917,2070,2475
2918,22512
2919,36,2975,18940
2920,2919,3001,22571,31686
2922,1627,1828,2964
2923,2975,3467,3630,24633
2924,2964,3231
2925,3053,3463
2927,3367
2929,8582
2930,122,7330
2931,487,14049
2932,644,748,3404
2933,30703
2934,1730,3111,3154,3426,12430
2935,3400
2936,553,3091
2937,1107
2938,8358,20392,26073
2940,3034,3370
2941,2968,8569,12840
2942,1598
2943,1635,3348,3407,20003
2944,1648,11402
2945,423,3010,3046,27267
2946,595,12199
2947,2997,24948
2948,857,3376,11606
2949,1476,3423
2951,2969,3409,11933
2952,3417,3720,24352,31197
2953,1110,2973
2954,567,1138,2980,3981,30892
2955,2966,3577,7321
2956,3162,3426,3500,31233
2957,1677,2946,3024,3422,4092
2958,3759,29181
2960,1603,7420,11302
2961,423,15009
2962,3197,7593,21409
2963,3001,3377,24458
2964,1354,11998
2965,3012,3427,16195
2968,2959,3385,31709
2969,1133,2926,3429,27619
2970,1117,1586,3367,4382,12845,13375
2971,1010,3218,22586
2972,40,1169,1637,1756,3032
2973,537,2961,2965,20268
2974,504,527,3006,3336,28323
2976,397
2977,2980,17015
2978,1379,3418,7255
2979,3320,24202
2980,2943,3058,3386,3396
2981,3398,7320,7458
2982,1517,2950,3399,3405
2983,25015
2984,2958,3361,3754,8606
2985,3382,3736,8345
2986,1583,3735,4014
2987,2966,3006,3168,3412,3734,29286
2988,792
2989,11652,21929
2990,2943,3221
2991,2963,5037
2992,39,22340,25015
2993,3390,12901,21567
2994,1329,2966,3738
2995,3014,3023,3207,3760,7710,13684,19244
2996,3426,28624,28810
2997,55,2966
2998,3039,3053,8574
2999,3364
3000,3815,7438,8798
3001,3023,3383,3636,27621
3002,3004,4408
3003,2986,3188,6055,6291,7348,7579
3004,2948,3291,3401,3755,8582
3005,2999,3013,3016,3399,8657
3006,567
3007,2950,3418
3009,193,8582,22325,29668
3010,1635,3011
3011,1578,2969,3382,29284
3012,3022,21115
3013,2999,9005
3014,1067,7754,18238
3015,2220,2937,3291
3016,2967,3362,3389,3587
3017,1981,3406,17980
3018,2953,3244,3716
3019,607
3021,6382
3022,3030,3407,11977,30022
3023,1126,3126
3024,2887,2968,3001,3393,3421,14239
3025,7590,8523,8570
3026,746,899,3548,3734,7588
3027,396,3388
3031,3410,3420,3637,4106,19062,24570
3032,1628,15919
3033,1176,2973,3036,3405
3034,2940,3312
3035,562,2978,3582
3036,1130,1946,3263,3385,7406
3037,1662,2948,3545
3038,1147,1488,2075,18899,26154
3039,5037,7456,22330
3040,443,1835,3126,3653
3041,2454,4068
3042,931,3361
3043,3125,4316
3045,527,2942,3029,3393
3046,29,1566
3047,2996,3385,3417,7330,7504
3048,36,322,615,889,9782
3049,104,589
3050,380,2533,20557
3051,3388,3400
3052,3364,3674
3053,535,588,1040,26549
3054,26
3055,3395,3429
3056,92,122,398,1627
3057,563,1632,2922,3134,3416,22681
3058,535
3062,3071
3064,3462,15741
3067,7345
3069,358,3420
3070,3596
3071,1718,23825
3072,1725,16135
3075,3240,3394
3076,861,1366,2984,3032
3078,527,3166,3626,12703
3079,449,3722
3080,3157,3215,3572
3082,643,845,3017,3559
3086,5759
3087,15684
3090,3497,7645
3091,104
3092,1731
3093,18564
3098,3032
3099,710,1033,1680,3379,11399
3100,2954,25859
3101,3387
3104,959
3105,8720
3106,542,11183
3107,7301
3108,3002,8706
3109,738,3500
3110,2954,3153,3713
3111,1142,3144
3112,1730
3113,3091
3114,134
3115,3131
3116,293,294,1870
3117,2203,3091
3121,3526
3122,3752,8734
3123,7553
3124,3320,3514
3125,255,870,2948,3419
3126,1480,1662,19806
3130,7644
3131,20,1420
3132,3504
3133,1443
3136,20693
3138,8729
3139,2997,28617
3141,237,3135
3142,3089,3161,7728
3145,3497
3146,3161,3281
3147,1797,3629,8519
3148,652
3149,2379
3150,743
3151,3546
3152,3703
3153,16148
3156,2288,28472
3159,3149,3328,12315
3160,3746
3162,126,3629
3164,122
3166,3131,3621,24806
3167,1355,3057
3168,1583
3169,3457
3170,1152,3418
3172,3548
3175,3321,3540
3176,3002,3010,8646,15916,19107
3177,7693,8593
3179,792,3654
3183,1127,7710
3185,3614
3187,3011,19289
3190,621,870,3667
3193,181,3456,3630
3194,99,3383
3195,762
3196,600,5353
3198,3760,4204
3199,7585
3201,4149
3202,4488,27168
3203,1117,1278,12356
3205,760,13532
3206,17784
3208,3550
3210,724
3211,757,3006,3221,3548
3212,3430,8463,8665
3214,16988
3215,817,3368
3216,1802,7768
3218,3667,6026
3219,3022,3138
3221,3123,3682
3222,140,159,3368
3223,2966,3221,8523,8677
3225,3053,17668
3227,15681
3228,140,3621
3232,7492
3235,3108
3236,583,5785
3237,7757
3238,3500,3524
3241,3428,3582
3243,23704
3247,1180,1528,1662,2005,3753,23460
3249,3310,3320
3250,975,1500,3055,3344
3251,3252,3320,3406,8640
3253,3314
3254,82,6099
3255,1625,1831
3256,2986,4018
3257,2952,3723,7768
3258,3976
3263,2954,3258,3277
3264,1625
3265,10186
3266,1442,1491
3268,3704
3269,2358,3312,3320
3271,3399
3273,3291,3381
3274,3656
3275,3314,3700
3280,3290,3759
3281,2717,3000
3286,3386,3406,10226
3287,570,3313,3746
3290,445,3404,3727,3740
3291,966,2148,3995
3294,3745,25117
3296,2973
3297,583,3752
3299,3373,8804
3301,13602
3303,1488
3304,2009,6594,7535
3305,3311,3367
3306,1528,1929,3253,3730,12197
3307,20500
3308,3046,7503
3311,374,397
3313,988,6039,7297
3314,1464,1632,3007,3309,3712,12480
3315,3010
3316,1512,1970,2017
3317,3712,5036
3318,1881,14969,22447,26542
3319,3336,3381,9125,11552
3321,1439,2983
3322,1007,3045,3399
3323,4094,7277
3324,18446,25961
3325,1928,1966,3404,6686,30782
3329,3247,3373,3733
3331,3728
3333,2948,3287
3334,420,1412
3336,976,1150,1528,2978
3337,2942,3313
3338,3693
3340,529,2642,3254
3343,2662,3046,3720,3750
3346,3347
3347,2978,3573
3351,3560
3352,2958
3354,36,6422
3355,1584
3356,2936,3240,23606
3357,1584,3425,3592
3358,3776,5833,31981
3360,2927,2948,3361
3361,1619,25569
3362,294,1165,1594,1604
3363,1112,7321
3364,1628,1767,3053,3335,7596
3366,592
3367,1125,28334
3368,1438,3017
3369,3039,3401,3688,8523,27358
3370,3006,3188,29997
3371,1449,3004,5577,16797
3372,1329,30152
3373,3020,3065
3375,3396,3405,8597,31909
3376,3746,7781,13438
3377,2953,3148,3361
3378,1166,1178,1927,3046,7585
3379,1608,4076,7331,30930
3380,1093,3316,18413
3381,131,2964
3382,2945,2967,3395
3384,3404,6775
3385,20002,28762
3386,2963,20769
3388,3153,3395
3389,2384,2953
3390,448,3001,3368,3422,18412
3391,3016,3175,3401,3421,11984
3392,626,2948,2952,3009,7280,8741
3393,428,24095
3394,200,12693,29022
3395,373,3398
3396,2947,3754
3397,1240,3158
3398,7301,23256
3399,8452
3400,3395
3401,3016,3017,18211
3403,3023,3804,9505
3404,583,2945,2970,3027,3152,10294
3405,596,1596,3058,3259,3383,23891
3406,2980,3394,3417
3407,3318,3840,24287
3408,8558
3410,3328
3411,2958,3344
3412,572,1160,2973,28109
3414,542,570,738,3002,8946
3415,536,3006,3268,3321
3416,3012,7348,13431
3417,22697,30163
3418,1476,1478,3433
3419,1635,3409,29241
3420,5589
3421,7588,30103
3422,1161,1309,2986
3423,2952,2953,3011,3419
3424,2983,3036,3395
3426,8570
3428,3804,10093
3429,1248
3430,26647
3432,1811,3420,25938
3433,14067
3438,18047
3440,3084
3442,398
3448,3104
3450,3357,3696
3454,2980,13163
3458,2990,3510
3465,2958
3469,24559
3470,3000
3472,1189,3128
3473,2973,3160
3474,3079
3475,1497
3476,1439
3485,3013
3486,1584,3087,3149,3524,13108
3487,1341
3492,1169,2945,3111,3215,3255
3493,1348,1373,3547,19593,24364
3494,19598
3496,3202,3344
3497,3003,3733
3498,2958,3084
3500,13684
3501,1003,3396
3502,6199
3509,3082,3256
3510,1251
3511,7593
3512,3204
3513,3220,3637
3514,1524,24364
3517,1349,3630,31932
3518,1144,3292
3519,2487
3520,3634,3676
3522,1643
3525,3068
3526,1466,1533,18095
3528,8571
3529,29186
3530,1023
3531,1455,3258,7682
3533,26,3625
3534,1464,1693
3535,878,3252,3664
3537,2967
3538,3204,3592,8947
3542,3481
3543,3342
3545,3215
3549,3641,3653
3554,3489
3556,3540
3557,744,8405
3558,138,3321
3560,3215
3561,16,86,1956,3564
3562,792,3132,3249,27463
3563,3231
3564,3287,3524,4116
3566,2953
3568,3553
3570,3560,8429
3572,171,8323
3574,16620
3576,1169
3577,2963,3165
3578,3149,3424
3579,3226,3524
3580,1713,3014
3581,3303
3582,1178,3385
3584,7608,16015
3585,3292
3587,2958
3588,2975
3589,8761
3592,3155,3248,22395
3593,3132
3597,3111,16050
3599,3323
3600,12715
3604,398,1548
3605,8408
3607,1697,3000,3220
3609,3561,23118
3610,17622
3613,1140
3614,3075
3617,3007,3649,7728
3618,5576,15324
3619,1816,3075,3321,3379,3475
3620,3486
3621,822,3545
3622,3084,3185
3624,331
3625,2968,3109,3312
3627,3003,3047,3150
3628,3361,3429
3629,120,3161,3488
3630,12,2922,7301
3634,3295
3635,8700
3636,3141,3424,15115
3639,2995
3640,564,5648,8341
3641,305,6043
3643,618,25650
3644,1884,8574
3647,81,827,840,1333,1463
3649,3426
3650,15879
3652,1440,1578,1637,2835
3655,3746,19335
3656,3253
3657,2527
3660,3483,11154
3661,1446
3662,104,3605,22883
3664,2945,2975
3666,358
3668,3364,10743
3670,3084,3221
3673,1484,3063,3089,3401
3674,3084,3193,16185
3675,374,1251,3287
3676,8428,8497
3677,621
3678,3167,3372,3637
3679,3075
3680,7722
3682,902
3683,3422
3690,3249,25706
3691,1461
3693,3706
3698,1534
3702,445,3722,19858
3706,5531
3707,2997,4316
3712,5921
3713,2954,3008,27675
3714,3274,3321
3715,9007,16317
3716,3320,3746,4331
3718,1018
3719,380,3721
3720,3256,3282,7277
3721,351
3723,3733
3724,8507
3725,3000,3304
3727,1970,3569,3749
3728,1947
3729,28967
3730,1143,1461,1465,1485
3734,7769
3735,2982,3698,13725
3737,1498,4329
3738,420,3723,27556
3739,8541
3740,3832
3741,8499
3742,7541
3743,1497,2975,3304
3744,1851
3747,3420
3750,647,1501,2975,3303,4442
3751,2973
3752,1168,3746
3753,644,1458,3255,3429
3754,3755
3755,7504,8494
3757,1168,1174,1417,12329
3761,4051,4055,7606,22075
3762,4092,7568,15913
3763,3779,4097
3765,11211
3766,3859,3931,4319,20094
3768,3804,28167
3769,15923
3770,3840,4757
3771,3772,7593
3773,4102
3774,3824
3776,4094
3777,4061
3778,3903,4363
3780,3813
3782,7585,11486,12259,13128
3784,3858
3785,8093,12815
3786,3915
3787,2129,7259,18142
3789,4346
3793,2338,3776
3794,4071,4086,6484,10644,29187
3795,4096,7347
3796,1584,2478
3797,14080
3798,3857
3799,3817,24935
3800,3871
3801,1612,1807,2392,2468,3804
3802,2252
3803,3829,4302,25732
3804,2259,5320
3805,2501
3806,3821
3807,4351,5854
3808,2520,4074,4222
3811,2831,24759,24819
3812,1608
3813,2164,3100,7692,7693
3815,2220,3867,4002,7769
3816,1019,4093,4106,11599
3817,3796,4084,4177
3818,3788,3807,13262
3819,3916,30201
3820,3863,4018,4111
3821,2789,12861,24865
3823,2348,4095
3824,2058,4034,7564,7786
3825,4087,7347
3826,4361
3827,3797,4362
3828,2271,4096
3829,2488,3955,4295
3830,2053,2478,7338,11542
3832,2805,7272,10247
3833,596
3834,3028,4306
3835,3028,3796,6752,8115
3836,2831,4113
3838,3771,4061
3839,1646,3771,3804,3829,16204,30009
3840,1119,3041,4087
3841,4066
3842,2600,20719,31597
3843,7272,18211
3844,1191,4106,13388
3845,3847,18025
3847,1604
3848,4084,25437
3849,4345
3850,2858,3798,4234,17804,28430
3851,7347
3853,877,18038
3855,4061,16302
3856,2090,2158,2764,4025
3858,1145,3937,7255
3859,4214
3860,2376,4347
3862,3033,3778,4073,4092,7585,7765,12840
3863,2053,2259
3864,4075
3865,24999
3866,4077,4123
3867,2604
3868,4107
3869,15692
3870,3878,3949
3874,4057,7652
3875,1224,3086
3876,3496,4124
3878,2552,18186
3879,2275,2347,2676
3880,4259
3883,2026
3887,3961
3892,3961
3894,4307
3895,3946,4349
3896,3839
3897,1119
3900,2659
3901,4274
3904,2064,16481
3907,2323
3908,2536,3940
3910,3968
3911,3933,3996,7288,7331
3912,15927,15935
3914,4084,9232
3915,5833
3917,3950
3918,2292
3920,4005
3922,4108,10169
3923,3839,3938,4324
3924,2757,4004,4006,5395
3927,2305,4296
3929,4311
3930,3985
3932,3863
3933,3935
3935,1927,2697,3403,4337
3938,24961
3941,3560,3749
3942,2296,2677,3908,19685
3943,4299
3945,2746,3961
3947,2396,6423
3949,3807,3961
3951,3915,4307
3954,4306
3956,2009,3857,3915,10420
3957,3994,4058,18444,19257
3960,3289,3803
3961,3787
3962,2737,3936,3952,4335
3964,3868,4012,4304,20662
3965,3797,3937,4302,10263
3966,1663,3266,3993,4069,4282
3967,3988,4278,4337
3969,2717,3985,4111
3971,4012,4030,4059,18479
3972,2729
3973,3890,4006
3974,3975
3977,3841
3978,4071,4311
3980,2016,2772,3292,4308,4354,7585
3983,4337
3984,4299,4346,5860
3985,2358,3880,4097
3987,2313,2478
3988,29276
3989,4288
3992,2016,2493,4059,4077,7543
3993,7331
3994,4299
3995,1939,2371
3997,2106,10231
3999,1991,3963,3984
4000,4066
4001,1548,2359,2533,17695
4002,3791
4003,3997
4004,1500,4123,4309
4005,2347
4006,3972
4008,3976,9384
4010,4350,7334
4011,9128
4012,2148,7543
4014,2155,2737
4015,4290
4016,4025
4018,1133,2515,4356
4021,2757
4022,2655
4024,3943,4004,4311,23768
4027,1142,4341
4028,2002,3988
4030,2337,4353
4036,2435,6491
4037,1106,1608
4038,22470
4040,2054,3806,7599,28472
4042,3778
4044,2121,4311
4045,1404,3237
4046,2026,3769,4104,4361,30305
4047,4264
4050,30626
4052,2070,2120
4054,2121,2475
4055,2058,4583
4056,2038
4057,3791
4058,1104,31573
4059,3819,30102
4060,4062,6083
4061,14853
4062,4092,12395
4063,4103
4064,22062
4066,2022,3808,4313
4067,3808,3876,7255,19565,25693
4068,3816,7460,15469
4069,1133,1630,2115,4178,7344,12864,29616
4070,3804,7556
4071,3831,4051,7334
4072,3036
4073,3993,17217,27301
4074,22395
4075,24999
4076,2100,4068,4100,4358
4077,3808,3838,3850,4112,13263
4079,26007
4080,701,4079,11599,31448
4081,2425,4106,16972
4083,3843,3867,6186
4086,3773,3797
4087,1152,2022,2029,2416
4088,1158,2136,22905
4089,2169,2339,2501,3852
4090,4092
4091,3798,4128,11596
4092,3861,4293
4093,12000
4094,2836
4095,4077
4096,2118,3427
4099,4075
4100,2454,2520,3802,3813,3819,29713
4101,3773,3809,3817
4102,2193,7691,15913
4103,2232,23588
4104,4305
4105,19742
4106,2136,3421,4107,7313,7331,12142,23553
4107,3803,16494
4108,1604,2910
4109,2848,3793,3862
4113,3818,4032,7334,23709,28181
4114,3855,3924,3945,3965,4217
4115,1214,3815,5607
4116,11393
4118,2059,17982
4119,3949,15731
4120,4072
4121,2683,3000,3829
4122,3914,5966,20500
4124,3841,4283
4125,2072,3995,4763,14176,14620,19538
4126,11407
4127,4124,27935
4128,3868,4069,4083,4353,24233
4129,4069,4123,7347
4130,428
4131,4326,6764
4132,3867,7272
4134,1907,2384,3872,4074,4203
4138,7785
4139,4016,31758
4140,4011,11037
4141,4236
4142,4206
4143,22817
4145,3875
4146,2235
4151,4077,6044
4153,2093,2197
4154,1130,4356
4157,19391
4158,23260
4160,4017
4162,3860
4164,4176,21967
4165,2076
4169,4132
4170,2306,3908
4172,4323
4174,2297
4176,2142,6912
4179,2776,5094
4180,7317
4183,4085
4184,1130,22911
4185,2512
4188,3102,3160
4189,4290
4190,7344
4191,15206
4193,4002,4294,7479
4194,5679
4196,2473,3809,3872,3933
4204,1966,4255
4205,4244,7257
4206,1309,11593,14141,14881,17409
4207,3927
4209,1767,7449
4211,2501,3623,4292
4213,7693
4214,3816
4219,1217
4221,1394,7302
4222,3995
4224,3850,4049,4350
4226,12415
4227,3872
4229,4517
4231,3290
4233,17683
4234,3934
4236,3935
4239,11101
4241,3878
4242,17674
4243,4061,4235
4245,4291
4246,3824
4247,3973
4250,175
4251,2218
4253,3819
4255,1278,17077
4256,1348,3170,7608,7773
4258,2350
4261,4259
4263,25378
4264,2259
4265,7034
4267,3786
4270,2156,5293
4271,4014
4276,2050
4277,7506
4278,3955,3968
4279,1442
4280,2350,3722,3924,4038
4281,3936,4090,4106
4283,3851
4284,4062
4286,2169,3815
4287,2719
4290,1478,2376,2667,2739
4292,3808,5799
4295,2739
4296,1915
4297,3988
4298,3995
4301,3941,4040
4303,3937
4305,2358,2371
4306,2641,2960,3255
4308,4027,4592,8020
4309,2376,3959,4260,15574
4310,3300,3808,3816,3868
4311,4030,13918
4312,2359
4313,2330
4315,3829
4317,4291
4319,3933
4320,2707,3995
4321,2757
4325,1962,2717
4326,2749,3831
4329,3847,3995,4306,7291
4330,2359,2377
4331,2357,4084
4333,3842,12589,15879
4337,2427,4291
4339,1478,2106,2299
4341,3969,4006,4030,7514,22302
4342,3952
4343,2347,2520,4030,23642
4345,4318,4350
4347,7775
4348,4307
4349,2347
4352,3851,3987,7503
4353,2350,2408
4354,2384,4290
4356,3989,25440
4357,4337,7331
4358,2234
4361,4057
4363,2907
4369,4116,9902
4370,3772,7257
4371,4040,21173
4372,4439,4583,31175
4375,4735
4377,2879,13794
4380,4398
4382,4398,17000
4385,2444,2455
4386,4472,6058,12556
4389,4417,4762,14027
4390,4411
4392,2037,2099,4701
4394,22543
4395,4475,23583
4397,4873
4403,2900,16452,22956
4405,2469,31862
4408,10958,12507,20588
4409,2079,30379
4410,4448
4411,4461,4778,23952
4412,4863,8323
4413,4765,12401,12406
4414,2134,2482,4706,4733
4415,1662,2418,5034,6651,8097,10945,31900
4416,4405,4590
4417,4446,16940,17003
4418,2095,4460,4715
4421,4740,10981,24559
4422,4420,30322
4423,4495
4424,4879
4426,4792,14185
4427,2166,4914,13777
4428,14075
4429,12383,18319,31381
4431,4393
4432,4438,4742
4433,4727,24301
4434,2486,4389,4392,28834
4435,4428,12532,21379
4436,4396
4437,2895
4440,2027,2165,4753,14058
4441,2770
4442,4418,4726
4443,4826,4966
4444,4921
4445,12516
4446,4416,24572
4447,1427,4442,4443,4923,4960,14011
4448,11016
4449,10091
4450,4655,4932
4451,6161,6192,15187
4453,2124,4655
4454,14057,28295
4455,4747,4765,10958
4458,2184,27140
4461,4780,6573
4462,4911,16772,27829
4463,6179,6609,8081
4464,4716,11480
4465,4375
4466,13793,28903,29762
4467,12532,24533
4468,2048,4703,4727
4469,13230,13420,14037
4470,4692
4471,2491,4376,4443,4885
4472,12114,12504
4473,4377,4623,16825
4474,26086
4475,4923,31061
4478,11525,23413,23971
4480,11905,25843
4481,10972
4482,4471,11917,16813,17010
4483,4863
4484,2128,4768
4485,18595,30680
4490,24098
4492,4752,11106
4494,11340
4496,222
4497,6255
4502,4561
4503,4453,4471
4507,26827
4508,4407
4515,4452
4519,3244
4521,2550,4707
4523,2482,19090
4528,2504
4536,4443
4540,4583,16904
4542,28482
4544,4640,30923
4550,7980
4551,7201,12745
4553,19892
4555,2400,4621,12203
4561,12448
4562,3264
4567,1918
4570,4442
4572,4468
4573,2351,7551
4575,4664,4841,6686
4576,4671
4577,2773,13943
4578,4593
4579,2747,11587
4581,4775
4582,2482
4585,12434,12487
4587,16796,16971
4590,4899,5947
4591,4808
4593,4897
4597,4584
4598,4846
4602,6344,8292
4603,2811
4604,4556
4605,2773
4606,2069,4449
4607,2756,7952
4610,4613,20504
4612,12378
4614,6681
4616,9013,22342
4621,2772
4624,15247
4625,11023
4626,21032
4627,2337,2400,6965,13953
4629,2170,2773
4632,6699,20491
4633,6494,6598,10273
4634,4466,8799,10423,13945,14092
4636,4619
4637,7240
4638,2660
4639,15587
4640,4694,6625
4642,6276,24907
4644,4811
4649,6728
4651,4562,12595
4653,6686
4662,12440
4664,4452,14441
4666,4442,4781
4667,4750,4824
4669,4731,4832
4670,6531
4672,11912
4674,2437,24935
4675,2453,2455,26398
4676,2144,4780
4679,29462
4680,6297
4681,4773,15663,15944,24989
4684,4540
4685,4378,6313
4686,18234
4687,4373
4689,4862
4691,2653,4452,4526
4692,14005
4693,3802,4724,4775
4694,4467,4475
4697,4401,4482,4728
4699,2753
4700,4439,6278,20400
4701,4515
4702,12308,13057
4703,976,4461,4694,12288
4704,12463,19980
4705,4436,21085
4706,2911,3002,4675,20635
4707,4727,12327
4708,4659
4709,4703
4712,4422,4436
4713,6240
4714,2089,2130,2153,13802
4715,4384
4716,2038,2841,3655,4453
4717,4429,9570,11933,12302,12570
4718,4462
4719,2698,4669,13822
4720,6227,6358,8111
4721,12310
4722,2150
4723,4061,4439,4692
4724,28450
4725,4436,4442,4724,4953
4727,6694,16818
4729,20197
4730,4428
4732,4967,12499
4733,8359
4735,6291,20588
4736,4703,25997,27289
4737,4479
4738,6264,6268
4739,4752
4741,3404,4935,12316,13326,21906
4743,4466,4716
4744,4453
4745,4438
4746,3839,6240,29213
4748,4449,4770,19457,24989
4752,4742,4773,10013
4753,16814,29548
4755,6203
4756,12614
4757,4460,4765,12310,29088
4758,4812
4759,16810
4760,2497,5981,6179,23239
4761,2455,4456,4479,10391,24343
4765,4551
4766,12277
4767,4932,23459
4769,13822
4770,4724
4771,8424
4772,10388,11948
4773,2095,4932,5225
4775,25982
4776,1020,4451,5022,12297,12522
4777,4763
4780,2047,11543
4781,2021,6770
4787,4617
4789,1382
4791,6456
4792,4430
4797,4669
4801,2696,6385
4808,2351
4809,4883
4810,12497
4814,2170,4466,4640
4815,6217,6447
4817,2095,6255
4818,4650,11915
4819,4735
4820,4669
4821,12439
4823,4545,6199
4826,1528
4827,5798,9069
4828,2278
4829,6686,12567
4830,2744,10953
4833,12385
4837,2476,4468
4839,2364,2742,4379
4842,4581,12407
4844,4739,9096,21897
4845,6984,12302,30239
4846,2393
4848,13855
4850,28077
4856,4392,4712
4857,4575
4859,4956
4861,4938
4868,8842
4869,4712
4870,2163
4872,4529
4873,5037,14083,18051
4875,4768
4877,6199
4881,4415
4883,22436
4884,508
4885,4915
4892,2886
4893,9092
4895,2170,13822
4896,29672
4897,24328
4898,1960
4903,4471,4874
4910,15110
4914,16863
4917,971,4703
4921,4454,4767,6297
4922,4615
4926,11835
4929,4773
4931,2165,4634
4933,1144,26025
4937,2088,4890,5395
4945,6183
4946,4471,18320
4947,4826
4949,4692
4951,1653
4952,4910,12474,30746
4956,5347,9078
4959,14005
4962,4731
4963,12374
4966,4441
4973,24491
4975,22115
4977,17735
4979,5330,13431
4982,4981
4984,15991
4985,22115
4991,5004,22925
4994,4999,7359
4998,23995
5001,15261,19257
5003,5387
5005,5401,17713
5006,8331
5008,28329
5010,11375
5013,5104,5350,5428,19792
5014,5414
5015,28750
5017,4308,5247,6132
5018,23695
5019,5069
5021,15920
5024,7832,8850,9849,17698
5026,8597
5029,5354,7260
5032,2960
5033,5407,20873
5034,5026,5038,8614,17485
5035,8341
5036,15775
5038,5034
5040,5397,17010
5041,5379,8891,29862
5042,5023,5280,15749
5045,24175,28268
5046,4968,5415,7490
5047,7609,24695
5048,4906
5051,570,4975,8575
5054,5441,16943,18461
5055,5033,5390,12856,12860
5056,4972
5057,8349,23648
5059,5026
5060,28171
5061,5435
5064,5096,16341
5065,5519,9332
5069,605,5334,11910,28247
5072,5109,5462
5075,20815,20958
5077,5035,16345
5079,10381
5082,21710,24704
5083,5429
5086,2133,3388,5177
5087,5037,5061,29973
5088,5034
5089,2706,7592,8628
5091,65,5044
5093,3804,27152,28404
5094,3255,5535
5096,2713,5393,26062
5097,5439,17559,18713
5099,7252
5100,5083,5354,8503
5101,5380
5102,5005,5361,30891
5103,12649
5104,5476
5106,5389,30151
5109,5382,22677
5110,5407,9127,15733
5112,5414,21676
5113,17623,19929
5115,19361
5126,1826
5130,25067
5132,5274
5140,12489
5144,7665
5145,4646
5148,10308
5150,27104
5164,5550,8471
5170,5535
5177,966
5185,400,15547,16926
5188,5256
5191,10425
5198,5369
5203,3559,5429,29742
5214,8865
5215,5104,17545
5216,5223,5386,9250
5217,7548
5218,28562
5221,5278,12608
5222,21698
5230,5047,26788
5234,5395
5237,27121
5239,5216
5240,1013
5242,5190,12579,16345
5243,5186,6237
5244,5219
5246,15542
5247,5199
5253,20233
5254,5516
5258,2327
5263,5090
5266,8302,13722
5270,5034,5190
5273,8023
5275,15715
5284,5094,10227
5288,2331,17631
5292,5034,9073
5294,5501,19725
5297,560
5303,31606
5312,5407,5429,20393
5315,1193,24709
5317,4981
5318,29888
5319,5042
5320,5108
5321,561
5322,5335
5323,5080,27316
5324,8825,22676
5325,8569,13060
5326,16431
5328,20800,27848
5329,4984
5336,7281
5337,5106,19792
5338,5319,5435
5339,23227
5340,7398,9770
5341,5424
5345,2152,4471,6761,8798
5346,4979
5347,12672
5348,5034
5349,8890,15169
5350,5313
5354,8351
5355,2536,5106
5356,7299
5357,8559
5358,5350,5367
5359,2937,5393,19438,24766
5361,1598,5046,5111,29565
5365,5112,5385,11773
5366,14812,21238
5368,22510
5369,1193
5370,24189,27189
5371,5066,7603
5373,8839,16454
5374,8768
5376,5061,5311
5377,5452
5378,5541
5379,3389,12318
5380,10674
5381,5354,5437
5382,5367
5385,5017
5387,15732
5388,22457
5389,5040,5044,7281
5392,1991
5393,1613,6286,17623
5396,8614,29119
5397,2487,5065,7279,8406,24132,25791
5400,4979,30839
5402,5018,5186
5404,5257,5358
5405,5347
5406,9340
5407,15759,28482
5409,5029,26547
5410,5269
5412,25851
5413,5422
5414,5106,19965
5415,7282
5416,4791,5037
5418,5104,22341
5419,6902,7704
5420,10435,15887
5422,15896,17804,27657,30771
5423,5358,5379
5425,21190,31755
5427,17784
5428,5001,14044
5429,2130,22427
5430,997,5441,7539
5431,5019
5432,5029,18322
5434,10356,15886
5436,5201,5397
5437,2132,5336,15755,15774
5438,5109
5441,14665,29939
5442,12473
5451,1243
5455,7590
5459,704
5467,5061,5800
5468,20052,30074
5469,5407
5476,7704
5477,21697
5479,14952
5481,23825
5504,5288
5509,7838
5512,5519
5519,2034,15283
5529,8799
5534,5259,8802
5539,4969,5017,6324
5540,5059,20205
5545,5223
5546,5186
5549,11856
5550,5083,29259
5551,10565
5552,5293,5432
5554,5412,7812
5556,3946
5560,6036,11504,11751
5563,26
5564,4675
5565,5571,6039
5566,5571,5655,5935,6053,9774
5569,468,2992
5571,5993
5573,5952,15954
5574,639,6031
5575,6005,10336
5576,1074
5577,3703,5564,6040
5578,5583,5953
5581,1015,13252
5582,11823
5584,5649,5943,21704
5585,126,10934,11708,18290,18320,18461
5586,5999,8340,16323
5587,701,1277,5581
5588,43,5847,6103,12197
5589,613,10637,13822
5590,577,5589,24841
5591,6037,6103,11594,18305
5592,6525,17848
5595,3853,11626,11701,11801,11815,18376
5600,5561,6004,11614
5601,11605,23178
5602,6112
5603,599,626,3048,19253
5604,5653,6023,11762,28481
5606,5621
5607,8472
5608,555,30229
5609,6124,13657
5610,6061
5612,5629
5613,6051
5614,5648,12292
5615,5618,5976,6023,31246
5616,5776
5617,6036,6051,6136,11608,12598
5621,5588,7848
5623,11821,11834,27353
5624,614
5625,5624,6018
5626,7278
5627,5592,5656,5977,5991,5999
5628,5854
5630,3813,5671
5631,5748,5906,6007,11723
5633,5742
5634,5864,6025
5635,5599,5624,6130,8751
5637,6039,20584
5640,16413
5641,609,5593,5620,5958,6017,6069
5642,499,5686,11779
5643,6072
5645,5752
5648,589,631,641,762,1483,5624
5649,5841,5881,11380,11527
5650,6023,11525,11544,11709,11787,15469,27119,28158
5652,6039
5653,5833,11527,11834
5654,5620,11559,18444
5655,11823
5656,5644,5952,6029
5657,4733
5658,8411,30110
5659,607,618,1015,5563,8323
5663,8708
5668,5652
5669,5621,5644
5674,5653,5790,6037
5675,5826
5677,18396
5682,5713,5846
5685,8064
5688,4640,5721,18411
5703,5583,5653,11524
5705,250,18370
5707,5649,11527
5708,5820
5710,5571,5695,9357
5713,5776
5715,419,3100,18181
5721,6067,11152
5724,11527
5725,5762,11534,11701
5728,29276
5731,595
5735,5580,5873,8458
5737,379,976
5739,5809,5921,6089,11762
5740,14062
5744,5679
5746,14597
5753,5762,11807
5755,5630,6005
5757,5962
5759,1015
5766,5659
5767,6084
5769,5594
5770,693
5774,808
5778,9956
5780,9581
5781,5913
5785,2050
5788,29525
5791,1935,5856
5797,5903
5802,6128,8101
5804,412
5806,12293
5809,5656,18413
5810,5802,5817,6091
5811,6232
5814,26381
5818,16311
5821,11636
5822,1158,6100
5824,16803
5825,6091
5828,10,401,21191
5829,5820,5833
5830,5792,16328
5833,5790,6100,6113
5834,5898
5836,20039
5837,6058,28222
5839,11955
5840,425,3261,5786
5841,2080,5917
5842,11510
5845,595,2936
5847,5656,5821,5880
5851,5219,5803
5853,11593,18060
5854,453
5859,8747
5861,545,988,5827,5986
5863,6029
5865,8496
5866,5785,11566
5867,5997,6005,6064
5870,5800
5872,11872,21163
5873,5652
5874,6137
5875,5872,16306
5876,11225
5877,5943
5878,6076
5880,614
5886,19809
5887,11735
5889,3370
5890,348,18429,18461
5893,5637,6063
5898,5908,6061
5900,11573,11751,11863
5901,359,11825,11864,18396
5903,6103
5904,28514
5907,597,6011,11734
5913,5923
5915,1015,4607,5986
5917,5819,11823
5918,6120
5919,1537
5920,1002,5852
5924,6046
5925,359,1028,11701,11735
5926,11573,11701
5928,509,6044
5929,5807,6002,10192
5931,6554,8612
5937,5643
5938,6034
5940,11565,30415
5942,64,25999
5944,5998,8475,27362
5945,1,482,501
5946,16608,30189
5949,3537,16416
5951,764,5643,11539
5953,1086,5567,5576,5598,5654,5951,11825
5957,6030,17955
5958,28145
5959,25232
5962,5790,11726,27573
5963,5624,5644,6095,18273
5965,11485
5967,23877
5968,11492,14213
5971,795,18796
5973,11749,18141,18273
5975,6022,11573
5977,5952
5978,5898,11470
5979,11604
5980,16317
5981,3027,18295
5983,828,5606,5973,25212
5984,5616
5986,416,555,592,978,5581,6068,16769,18289,18331,18363
5988,5653
5990,6048,11501,11592,11663
5991,5657
5992,6045,19692
5993,5653,5994,7439,19808,20685
5994,10070
5995,5586,5649,6063
5996,6000,11580
5997,5918,11966,28195
5998,5638,5951,6117
5999,5656
6000,5624,5826,22119,30218
6002,5639,5652,5952
6003,5960
6004,5656,11584
6005,5652,5657,5658
6006,17,528,5981,11810,18297
6007,5643,11559,11777,11779
6008,785,11734,18384
6009,11662
6010,5581,11621
6011,595,5945,18299,18319
6013,5999,31217
6014,6072
6015,6055
6016,5594,5639
6017,8368,8541,8596,27082
6018,5621,5643,11810,11821
6019,6032,11584,11630
6020,2996,5655
6021,11657
6022,3288,5606,5763,11637,11820
6023,5940,5987
6024,9356,11506,18105
6027,6128
6028,16334
6029,5632,5637,5740,5810,7264
6030,11524,11753,11787,11863
6031,5607,5624,6046
6032,228,235,5877,6043,25917
6033,5636
6034,1033,6060,11593,18319
6036,4124,5275,8597,11480,11593
6037,5581,5986,6031,6060
6038,5720,10156
6039,14
6040,5590,5832,5925,8778
6041,599,3396
6042,5814,6039
6043,988,1535,3313,19597,28040
6044,5645,5921,5962,6039
6045,10040
6046,7947
6047,5567,5607,5620,5648,5937,22049
6048,5875
6049,1169,5726,8596
6051,5579,11510,11864
6053,5565,5663,18506
6054,5582,6100
6055,5872,6039,16272
6057,4721,5728,11472,25015
6058,6101,11536
6060,347,8524
6061,2936,5636
6062,5909,11834,18796
6063,6025,16311
6064,10721
6065,5606,13056
6066,5639
6067,1656,8458,18941
6068,5814
6069,5648
6070,15497,16462
6071,6042,27791
6072,5652,11777,11821
6076,5896
6077,431,24139
6078,5817
6080,11534,12761
6082,5659
6083,11534
6085,11365
6087,96,609,11626
6088,528,5790
6089,3204,6046
6091,5846
6094,11589
6095,2386
6096,5622
6099,5925,27038
6101,5790
6102,22655,24050
6106,5923
6109,5807
6110,29334
6117,5593,5814
6119,347,3259,5817
6121,3746,5920,11528
6122,5916,5923,6099
6123,15496
6127,19881
6129,5796
6131,6041
6137,6073,8556
6138,15494
6144,6173
6147,10996,12786
6149,6174,10663
6152,6260
6153,6474,31101
6155,4408,4691,21541
6156,6195
6157,30977
6159,12277
6164,6144,15462
6166,7954
6167,2975,6209,19238
6168,8097,23782
6169,6581,31758
6170,26425
6174,6294
6177,12329
6179,4448,6186,6262,31227
6180,6179,6491,6562,8090
6181,3858,6686
6183,10740
6184,6445
6185,6179,6242,10635,10852,11616
6188,6150,6365,6558,10086
6189,6179,6256
6190,4376,6551
6192,30479
6193,6289,26359
6194,541,6305,28244
6195,16911
6196,31251
6198,6384,6521
6199,4387,6156,28371
6201,6237,7834,18334
6202,1623,6204
6203,4911,10566
6204,10737,12849
6205,6543
6206,30154
6207,6272,8041
6208,19166
6209,20552
6210,4472
6211,4660
6212,6199,6261
6213,4376,12563
6214,6207,8292,26615
6215,1625,10731,13166,20646,21763
6216,6224,6240,6276,6528
6217,6244,6291
6218,6596,10940
6219,6277
6220,6534,12906
6221,6634,12845
6225,6196
6228,6519,10940
6229,6144,6289,10996
6230,6309,12215
6231,6460,31943
6232,6411
6234,6692
6235,6511,8107,8323
6237,6183,6300
6238,6227,18220
6239,6237
6240,6261,13074
6241,6236,6514
6242,6506
6243,6186,6544,8082,16215
6244,6337
6245,6183,6256,6529,19226
6246,6285,6531,27790
6247,10737
6248,6268,6290,6527
6249,6410,6554
6250,6204,10996,28737
6251,24189
6252,7947,12862
6253,6558
6254,16008
6255,2893,31282
6256,10737,10755
6257,6205,6265,16971
6259,2122,6535
6260,6294
6261,4444,6227,6247
6262,4451,6343
6263,10693,23959,27792
6264,9982,10693,20577
6265,24643
6266,6208,6340
6267,2095,6173,6575,6644,15728,25968
6268,4451
6271,6223
6272,5048,12900
6274,4415,4945,6510
6275,6199,6228,13783
6276,4681
6278,4807
6280,5077,12202,14750
6281,7848,21901
6282,6286
6283,6223,6471
6284,6163,6164,10069
6286,4967,6184,6249,6460,22584,23695
6288,2466,6464,6574,23964
6289,2838,4477,6558
6291,6562
6292,6149
6293,6207,6261,8530
6294,5087,6239,6536
6295,6510,10770,10996,15649,17151
6296,6485
6297,6230,6286,6484,23008
6298,6331,6565,8316
6299,2320,6686,10438
6301,1660,6155,17343
6302,8372,10910,14062,30591
6303,6574,10693,10719
6304,2128,6228,10710
6305,30064
6306,5288
6307,6224,6539
6309,15045
6312,10730
6313,1491,6710
6314,4545,6583
6316,8052,8059
6320,10650
6321,6592,11026
6323,6582
6325,2996
6327,6697,7980
6330,9314,20175
6332,6392,6686
6334,12257
6337,6448,6669
6338,6435,7846
6340,8300
6341,6442
6343,1028
6345,6411,8074
6346,6413,6577
6347,13076,28433
6348,956
6353,8280
6354,7840
6357,7980
6359,7966,8296
6361,3008,20623
6362,6247,6392
6363,2281,6403
6365,6462
6367,6340,13711
6368,2054,6462,8253
6369,4635
6371,6471,6531,6584,12703
6376,4589,6351
6380,25120
6383,336,24185
6386,6204,8111,12969
6387,6264
6391,23165
6393,6604
6394,6181,7947
6395,6384,6438,22110
6399,529,9945,20881
6400,6496
6401,6064
6403,6254,6306,12747
6407,6194
6410,7830
6411,6422
6413,6365
6416,4637,6406,18950
6417,6625,27948
6423,5650,12955
6425,13792
6426,6653,8893,12607
6427,4616
6430,17031
6435,6423
6436,6434,6527,26416
6439,6410
6441,6469
6442,6418
6443,6348,6435
6445,6660
6446,6374
6452,2522
6453,6206
6455,6328,6411
6457,6417
6464,7847
6465,1527,4669
6466,21455
6467,6164,6311,6389
6468,4614,8113,29742
6469,6184,6324
6470,2747,6214
6472,6226,6322,6462,10734
6473,12804
6474,28946
6476,4376
6481,6163,6662,7454,12831
6483,6501
6485,4811
6487,12718
6488,12430,14378
6489,3778,10904,24559
6491,16188,21669
6492,6223
6496,6143,6256,6525
6499,6237
6501,6384,6494,6783
6502,6194,6307
6504,7971,30838
6505,4720,8000,10401
6506,5790,6228,6306,12866
6507,3024,11279,12267
6508,6165,10731
6509,6199,6286
6510,2222,6146,6204
6513,6226,6288,6557
6514,8059,25283,30267
6515,41
6516,6179
6518,4084,6328,21383,27185
6519,4731,6268,27848
6521,3025,8893
6522,6194,8097
6523,6230
6524,6520
6526,3748,6249
6527,6232,6291,6351,8053,12697,17673
6528,6522,6692
6530,6453,10731
6531,14068,15913
6532,15597,20660,29931
6533,2487,6466
6535,6179
6536,1115
6537,2076
6538,6306
6539,4428
6540,6193,6265,6422
6542,3168,4475
6544,8315
6545,6189,6226,10986
6547,4475,4964,6309
6548,6230,6289
6549,6524
6550,10975
6551,6227,10892,10996
6552,2410
6555,6191
6557,6201,6346
6558,4620,6371,16266
6559,8293,26524
6560,6232,6243,6302,7859,7971
6561,2122,4059,7923
6562,4388,6292
6563,4941,10996
6564,6378
6565,1899
6566,4925
6567,3404,4704,6306,6309,10760
6568,6164,6534,10737,10740
6569,6253,10644,18439
6572,6148
6573,3968
6574,6227,6564
6575,644,8074
6579,4100,6463
6581,6144
6582,6374
6592,6390,6435
6594,6439
6597,6396,6529
6599,6595
6600,6624,30996
6604,6494
6607,6144,6351,6608
6608,10645
6612,6458,6623
6615,6434,6613
6618,6311,6616
6619,6477
6622,24962
6625,29305
6626,6230
6627,4811
6628,8306
6633,7988
6634,6421,22646,26687
6636,6351,6649,9945
6637,6678,10871
6638,6287
6639,6264,10888
6642,6207,6208,6261,6441,22337
6643,4398,6239,12969
6644,9325,25267
6646,6415
6647,2383,7981
6648,6376,10854
6649,4465,8601
6651,4628,6686
6653,6429
6654,6358
6657,6524,22160
6660,6635
6662,16883
6663,6379
6666,6622
6668,4577
6669,365
6672,6200,8004,8306
6673,6336,6415,6491
6674,4600
6676,6344
6678,1532,6403,12948,31735
6679,6248,6347,8301
6681,28648,28812
6682,7548
6686,4408,6513,6649
6692,8301
6694,6555,8277
6696,7941
6698,6179,6440
6700,6295,6646
6701,11018
6702,12132
6703,12171
6705,2978
6709,7059
6712,21821
6716,10133,25937
6717,14022,16248,16266
6721,15486
6722,31951
6723,3703,6712,7040
6724,21826
6727,7257,21943,22816
6728,1539,7058,11469
6729,1972
6731,7058,17981
6733,6226,7037,17964
6735,23629
6736,3008,9346,16663
6737,15694
6739,4573
6740,11929
6741,2932,4761
6745,6756
6746,11478,23009,26084
6748,16430,28697
6751,11107,23041
6753,6766
6756,19747
6758,9936
6759,8971
6761,502,1592,2161,5951
6763,5390,15463,24174
6765,7059
6766,1368,6765
6767,6725,25319,27491
6771,7219
6772,1660,7029
6774,7018
6776,7059,16969
6777,6761
6778,7195,7214
6783,3393
6788,7214
6795,15788
6799,15914
6811,3759
6815,29681
6817,26703
6818,14708
6825,7040
6830,15694
6831,10109
6842,6791
6845,17836
6849,6800
6850,23348
6853,6981,11411,20277
6859,7053
6860,11442,25108
6863,11376
6869,11428
6871,6872
6873,10413
6874,6563
6876,2776
6883,10183
6892,7786
6899,20564
6902,11227
6906,16934,27138,27228
6908,2296,6903
6915,6984
6919,14793
6920,21316
6926,1129
6928,6984
6929,8897
6931,7040
6933,7188
6939,10387
6942,11696
6946,6965,6980,15665,24046
6950,6974,6980
6958,8764
6959,3755
6961,12995,21844
6963,16468
6965,12257
6966,25349
6968,6753,11942
6970,4330,6954
6971,12489
6972,16391
6974,7196
6975,7196,15123
6977,2753
6983,15575,17539
6985,6996
6999,3806
7002,15473,23542
7004,31440
7008,6997,8835,16804
7009,7018
7010,25015
7012,9298
7014,3053
7015,7081,21693,27621
7017,16795,21541
7019,6738,6745
7020,7225
7021,11275,22623
7022,2075,6730,7006
7023,15663,15665
7030,6731,11214
7032,2987
7033,1103,6771
7034,11267,11789
7035,6802
7036,3382,5320,15699,30084
7037,16347,24992
7039,11287,11330,18400
7042,19109
7044,28383
7045,6016,11070,11074,11182
7046,3935
7047,26329
7048,15554
7049,6023,30290
7050,3277,7008,30977
7060,7281
7061,21949
7062,31271
7064,11539,19701
7067,6997
7069,6759,30162
7072,16455
7074,15486
7075,6934,7058,20369,23196
7076,31126
7077,9850,15646,15665
7082,19257
7085,7024
7087,6788,29284
7089,7081
7090,12125
7093,27200
7095,11276
7107,11542
7110,11178,24700
7115,16282
7122,3170,7026
7126,6763,6887
7128,11350
7130,1122
7132,29603
7135,14776,16032
7139,20696
7140,7225
7141,3098
7146,6840,14723
7147,11432
7151,6838
7153,15922
7156,7037
7166,6894
7171,6878
7173,27489
7175,7195
7180,11199
7182,6987,24521
7190,2534,6896
7193,12959
7194,6962
7196,1526
7199,24002
7200,24884
7202,6980
7205,26329
7209,6886,9555,9826
7211,6765
7217,7196
7223,24023
7227,6974
7232,11460
7235,7782
7236,10113
7241,11074
7244,6954
7245,6933
7247,1404
7248,7734,7773
7249,5350
7250,360
7251,24735
7252,17018
7253,7337
7254,6392
7257,5991
7258,10152,15932
7261,4075,10242,18950
7263,3862
7264,7287,15917
7268,15918,31608
7270,3378,3881,7507,23951
7272,7332,7725,20659
7273,4225,12210
7274,7312,7319,15717,22800,24974
7275,3808
7277,594,1119,4112,26907
7278,16836
7280,2937,7556,8582
7282,7249
7283,7483,7721,15731,31836
7284,1630
7285,8398,8614
7286,7318
7287,3949,7721
7288,3817,7436,28319
7289,2515,3153,7330
7290,3825,30217
7291,7331,23011
7292,7255,7564
7293,3854,4354,7288,7366,29326
7294,282,591,7312,10566
7295,23583
7296,15102
7297,3160,9808
7298,7444
7299,7506
7300,7270,7691
7301,3014,7314
7302,4046,4290
7303,15902
7304,5389
7305,2947
7306,4112,5441
7307,8523,8606
7308,3852,7634,28820
7309,3028,3401,29978
7310,4051
7311,12220,29532
7313,3028,4068,4333
7314,15952
7315,3349,7280,7597,30958
7316,333,4106
7317,2328,3811,14650
7318,4106
7320,7282,7728,15017
7321,2941,3024,3392,12315
7323,7281,7314,7703
7324,3815,4308,7564,8617,12904
7325,2962,3426,8362,9378
7326,7331,13796,28329
7327,7299,15688
7328,3009,3421,7312
7330,4341,8606,12504
7332,3797
7334,15929
7335,1571,2940,7258,7598,22075
7336,7319,15735,15917,21406
7337,3007,3680,3816
7338,2950,3003,3796
7339,4922,7512,7788
7340,1927,3428,3949,4220,11791
7341,26282
7342,3046,3402,7314
7343,3385,7248
7344,3630,7301,20283
7345,2942,3355,8582
7346,7513,25582
7347,4083,7299
7348,2805,3023,4094,4101,6020,7280
7349,4120,27745,29172
7350,8568
7351,7635,8107,8559
7360,7711
7361,3961
7363,4042,15799,15819
7365,3641
7367,3660,4110
7368,7879
7371,1640,10941
7372,7331,7548,7609
7374,7696
7375,3209,7541
7376,6980
7377,3321
7381,7435
7382,4148
7383,1179,3935,4338
7388,12330
7390,7590,7712
7391,10473,19310
7393,3811,4148
7394,899
7398,7665
7405,7492
7410,7553
7411,3869
7413,5432,7785
7415,7308,7711
7416,7775
7417,3782,3925
7422,3075,28294
7424,7577
7428,3209,4190
7429,2203
7439,3524,7607,7633
7441,4308,24140
7442,3728,7493
7444,7481,7675
7445,7275,7434
7448,3189
7449,3000
7451,7288,7684,7768
7453,7598
7456,7377,7610,7736
7462,7520
7469,4321,15913
7472,3238,7462
7477,2986,3954
7480,2245,23537
7484,5144,15849
7487,3028,7644
7488,4177
7491,750,5067
7492,3331,3541
7496,8777
7497,7498
7503,2998
7504,7532
7507,4282,7773
7508,6426
7511,3299
7512,1488,4284
7513,7770
7516,30756
7517,3396,7503,29727
7518,3253
7519,3760
7521,1998
7524,7556
7531,8767
7536,3247,4324
7539,5275,7312
7541,7751,7786
7543,3924,15728
7546,24412
7547,7782
7549,4283
7551,7585
7555,3032,4307,7299
7556,7309,7785
7557,7786
7558,4097,15755
7559,7782,14801
7560,7552
7565,3421,16316
7572,15722,17667
7574,7588
7575,3771,4284,7314,16115
7576,4259,7302,28782
7577,5574
7579,3646,7331
7580,2950,23743
7583,5397,7782,14726,15925
7584,7298,8345
7585,3031,22594,31206
7586,2966,3804,4329,7265,20282,23432
7587,3771,4073,4099,7306,11074
7588,2977,5144,31879
7589,3394
7590,31846
7591,3033,7611
7592,7291,7534,11557,14118
7593,7285
7594,8325
7595,1153,2155,7280,20935
7596,3024,3091,3377,3422,3795,7704
7597,3825,7377
7598,7309,7319,24631
7599,3817,5441,26188
7600,3868,14520,15731
7601,15899,15932
7602,3396,4977,7325,8428,23192
7604,23417,31961
7606,7695
7607,7562
7608,3188
7613,15822
7615,15838
7617,26570
7622,7666,16079
7630,3000,30732
7631,16121
7634,3209,3782
7635,7365,21390
7641,15723
7642,3086
7643,15731
7644,3418,4095,4204,7468
7649,3323,3506
7653,7334
7656,21448
7662,30537
7663,7782
7665,7658,8448
7666,3771,7248
7669,19332
7671,3570,3754
7674,7559
7676,1361
7677,13316
7680,3030
7683,7319,15857
7684,3846
7686,4229
7688,3100,7630
7689,15755
7691,5721,7503
7692,22658
7695,3831
7701,5046,5143
7703,7314,7693
7705,3854,7627
7708,7279,8150
7710,7309,7448
7713,4068,21264
7719,2983
7720,7465,15742
7728,5429
7729,4999,7728,9887,15745
7739,1224,14223
7740,3988
7741,14710
7746,3587
7747,15857
7748,12040
7749,24978
7750,785
7751,645,2140,3931
7753,12434
7754,3746,6438
7755,3308
7757,7292
7758,7514,15931
7761,7758
7769,3723,4331,7280
7773,1970,7280
7775,4084
7782,7551
7791,5552,8529,15886
7792,1451,1559
7794,2027
7795,27554
7796,7857
7798,1098
7799,583,6556,8059
7804,8133
7806,7815,23455
7807,7799
7808,6422,12719,12728,12808
7809,8071
7810,6479,12662,15645,28235
7812,1110,2280,2502
7813,1146,6528
7815,2751,7842,18270
7816,6672,27022
7817,21697
7820,1474,7846
7821,1185
7823,15854
7825,2168,2426,12743,20188
7827,18337
7828,2513,6144,6309,31755
7830,1829
7831,7808
7834,21056
7837,6552,8101,8259,8314
7838,360,1149,1636,23289,31073
7839,7956
7840,1594,1638,6201,8275
7841,6310,6562,6650,20574,29866
7843,8109
7844,7921
7845,1974,8643,18455,28592
7846,7947,8072
7847,27756
7849,7946,11099
7850,1277,1587,8113,24869
7851,14924,29053
7852,8105,14995
7854,1613,14816
7855,9372,14853,26549
7856,10982
7857,1146,7855,7871
7858,2754,19477
7859,6232
7860,1963,6510
7870,1768
7871,12697
7872,20686
7873,1797
7874,7856,22432
7875,27459
7878,1465
7879,1198
7881,1751,1756
7888,8193
7894,1797
7899,8240
7901,21462
7902,1309,1500,1735,7939
7908,7963
7914,7954,27690
7917,2020
7921,1989,8116
7922,1424,8260,31099
7924,2513,7923
7925,7950
7927,8276
7928,7843,8109
7933,2878,7808,7948
7934,6682
7935,6571
7936,2618,7924,7987,10942
7939,3840
7940,8260,15516
7941,6429,8291
7943,8020
7944,2753,31777
7945,2770
7946,1914
7947,1548,7971
7953,7921,8048
7955,1357
7956,8306
7960,14786
7963,1943
7964,1125,1622
7966,7810
7968,20435,30316
7970,1931
7971,7989
7978,7950
7979,2346
7980,4642
7982,6415,16265
7984,1544
7990,29977
7993,7971,7986
7995,1621,1949,8101,8113,9042
7998,1520
8000,4832
8002,6349,7988,12761
8003,1516,2835
8004,29323
8005,7857
8007,6360
8012,8096
8014,3318
8017,1546,2977,4480,7979
8018,1493,1938,1996,6409
8019,1883,29250
8020,7988,8291
8022,6220,6261,6417,8048
8024,1643,1961
8025,1980,7947
8027,12951,20400
8028,8308
8034,6579,8493
8035,6359,7921
8036,19570,24647
8037,8027
8040,6422,6643
8041,6697
8042,7934
8043,7859,13000,14995
8045,8089
8047,8263
8049,1113,1886,8281
8052,8093
8054,7867
8055,20342
8058,6224,7801
8059,6295,8274
8060,7825
8061,18480
8062,14816
8063,25681
8064,1155,1185
8067,7801
8068,1662,23142
8069,1574,7834,20186
8070,18905
8072,8000,28685
8074,30069
8076,1437,2100,2353,8488,13783
8077,8097,8516,19992
8078,6325,8034
8079,27173
8080,13418
8081,1174,2375,2484,7655,10435
8082,6239,12125
8083,8072,8296
8084,4805,5090,6426
8085,1151
8086,6531,25559
8087,1147
8088,4945,20446
8089,1125,1556
8090,7831,7848,8220
8091,20465
8093,7825
8094,9618,12969
8097,23178
8098,2698,8091,8116
8099,8083,14630
8100,1185,12309
8101,6232,8117
8102,8882
8103,1067,6276,29769
8104,1613,8314
8105,4120,14995
8106,7841
8107,1185,8174
8108,7969
8110,8098,12810,24643
8111,2484
8112,2992
8113,1608
8114,1524,8130,29871
8115,12699,31239
8116,2010
8126,7803
8128,6547,8151
8138,14995
8139,9805
8142,1749
8147,1531
8148,7950
8151,8033
8153,7917
8154,1735
8157,747
8160,2293
8161,2451,24375
8171,6575
8177,1170,1267
8178,17493
8179,1098
8180,1284,1343,1452,1505
8181,4747
8184,8051
8186,8286,16391,18991
8187,7950
8190,2392,11593
8194,14799
8203,7903
8207,1382,8260
8208,1151
8209,1542,1643,4589,6503,25341
8210,21122
8212,1653,1769
8215,5810,15036,17423,22574
8226,1245
8229,3676
8230,8296
8239,4432,25643
8242,2738
8249,1420
8255,14823
8256,8301,10269
8257,8270
8259,5389,22465
8261,6332,8048
8262,1568
8263,8088
8265,8051
8266,5593
8267,2922
8268,8280
8270,3956,12959
8272,1908
8273,21494
8275,7846
8277,8041
8278,1492,6654,7934,17916
8279,366,11303
8280,6469,8276
8281,1613
8282,1151,7933,14837,14969
8285,2855,6625
8287,1995,6180,6351,6468
8289,6511
8293,6380,7991,8262
8294,14832
8297,6898,31524
8298,7950
8303,4589
8305,15886
8306,12475
8310,2362,12374
8311,7994,12756,23602
8312,7955,8040
8313,26540
8316,12697
8317,1171
8318,1996
8320,14794
8322,1497,13801
8324,8779,16345,27394
8327,8336,23126,31450
8330,8342,12210
8331,8454,8598
8333,11070
8336,5038,5412,29232
8337,11304
8339,23527
8341,8613,15735
8342,8362,11520
8343,2123,8340,8638
8344,9368,16965
8346,5464,8542
8347,5614,31239
8350,8342
8351,8410,29819
8352,20900
8353,20258
8354,31423
8355,2945
8356,8593,12499
8358,2918,2923
8359,2444
8360,5165,24163
8361,8609
8363,8155,10386
8364,5673,8326
8366,8331
8369,5173,8339,8398,12527
8370,7602,8613
8372,28107
8373,5608,8345,10996
8374,5349,17383
8375,30371
8376,9634,11782
8377,26616
8378,5432,8356
8381,7150,12604
8382,8337
8383,3589,8361,8441
8387,3227,8748,11539
8389,8344
8394,17981
8397,16149
8398,8406,19286
8406,27136
8412,7244
8414,794,3087,8428
8417,1772
8428,3259
8430,12093
8431,3437
8438,15729
8439,5721
8443,12010
8445,2955,16390
8448,29668
8450,5251,18382
8458,1614
8459,17707
8461,17368
8462,2128,9238
8465,2947,5251,19831
8474,8499,8517
8480,26590
8483,8494
8486,18000
8489,8801
8490,4975,5220,20778
8491,8758
8493,8574
8496,380,9938,20940
8502,7345
8503,16326
8507,3400,5233,7337,30110
8511,16311
8519,12067,12597
8520,7770,8491
8523,4829,7770
8524,2977,3030
8538,4120
8542,13400
8545,22700
8547,8801,28401,31478
8548,2051,2940,7247,8342,8597,23898
8549,5916,6061
8551,845
8552,2929,24742
8553,30897
8555,8570,25958
8557,16844
8558,16818
8559,17545
8562,5491
8563,8349,16326
8565,8612,26422
8566,8604
8567,8340,8644,13135,18432
8568,8327
8569,2469,6929
8570,2999,8337,19699
8572,5062,31938
8573,8345
8574,7321,8342,8351
8576,12697
8577,4773,12563
8578,7573
8579,5520
8580,5100,8363
8582,3371
8585,2954,3007,3710,29557
8586,3393,18382
8587,3540,7532,10799,28694
8588,9626,14953
8589,16344
8590,8033
8591,2992
8592,496,8593,11903
8593,1140,3401
8594,8368,9064,29371
8595,3005,5369,24049
8596,3417
8599,2937,5609,8765
8600,3852,8518
8602,6061,8594,8601
8603,5098,5432
8607,2938,3030,29885
8608,5345
8609,2996
8610,8721,8734
8611,2942,5083
8614,5038,5066
8616,933,8661,15177
8618,4981,8713
8620,10614
8626,5871
8627,18669
8634,5696
8637,1117,7455
8640,8494
8645,5756
8656,8658,25621
8657,16357
8666,8328
8667,25069
8671,8569
8677,8330
8678,5173,10456
8682,10555
8683,8693
8685,28057
8698,26419
8700,3374
8705,10057
8706,5761
8707,8425,8642
8708,10412
8712,13536
8715,3231,5603
8717,6383
8723,3132
8735,2400
8741,2967,8505
8743,5790,5864,6434
8746,4440
8751,5801,7279,10826
8752,10683
8754,5658
8755,2501
8759,8520,8768,17872
8761,2967
8762,5016
8764,5833
8766,3755
8770,8753
8774,8574
8777,7519
8783,8524,8590,8735,29065,29911
8785,8523
8786,8583
8787,8591
8795,5873,8324,8498,11884
8796,8601
8802,1945
8806,11245
8807,9016
8809,29754
8814,9079
8815,4989
8818,18068
8820,27293
8821,5959
8822,1637
8831,9631
8835,5008,11062,11589
8836,5434,6779
8837,930,8858
8838,5379,8385,9259,23629
8840,618
8845,6524
8846,5320
8847,24096,26154
8848,12310
8851,5419,9182
8854,8868
8855,6230
8860,7759,27386
8861,16526
8864,5036
8865,616,5075,9176
8866,6036
8871,5036,8842
8874,5533,8887,24095
8875,5048,7691
8876,3415,11079,11241,21741
8877,6039
8879,3798,5339
8882,9254,15745
8884,27406
8885,4477,9095
8886,4955,19240
8889,979,5533
8890,5369
8892,8861,23175
8893,20438
8900,11108,27164
8914,16864
8915,16551
8916,9171
8934,31356
8941,23626
8944,8939,9100
8950,11103
8954,2493
8955,7112
8956,9239
8959,9143,14834
8960,21687
8963,14259
8965,8944,9052
8982,9058
8986,1465,14441
8987,9100
8991,9238
8992,3940
8993,7243
8996,12584
8997,1479,14816
9007,1615,9230,12406
9008,9262
9012,1553
9019,26102
9020,11457
9026,9005
9029,9070
9030,1880
9032,2971
9034,22323
9035,5900
9036,1488,8372,14282
9044,22029
9051,16406
9057,8862
9058,3003
9061,8850
9062,10158
9067,19936
9068,1853
9072,976,18296
9074,3007,8860
9075,2955
9077,16575
9081,8841
9083,5017
9084,15210
9085,16211
9086,14430
9092,6926
9093,632,13537,18587
9095,9859
9096,17599
9097,25603,28685
9099,14042
9100,6479
9101,24101,28881
9102,5001,5385
9103,21693
9104,14745,16357
9108,3434,6025
9109,5068
9110,16158
9111,11062,30360
9114,4461,8850
9115,24026
9118,13823,30377
9119,21058
9121,18362
9123,11072
9125,22098
9126,27007
9129,9083
9130,11294,16373
9131,15124,31758
9144,16719
9145,19528
9147,13410
9150,8965
9166,14243
9172,3475,12132
9175,6525,9003
9181,9242
9184,11378
9187,22281
9191,14167
9196,19793
9197,16598
9201,16548
9202,27919
9203,8852
9207,11387
9212,10315,20044
9217,8893,17545
9224,19166,26974
9225,28465
9230,9066
9231,21132
9232,18497
9235,16381
9236,9019
9244,2722,28648
9252,8984,9238
9254,4314
9255,9036,31250
9256,8975
9263,15259
9267,5252,12363
9270,5519,24090
9271,11083,11839
9287,9571,9640
9288,9603
9289,3361
9290,6503,16140
9291,9335,9352
9293,9310,20309,30235
9294,30393
9295,340,10051,18109
9296,14991
9299,10348
9302,12322
9305,23397
9308,9300,10354
9309,9588,10363
9310,9286,9384,10599,12395,27048
9312,12522
9315,9602,30511
9316,9342,9353,9383
9319,9382,10425
9320,2469
9321,30394
9323,12169
9325,22689
9326,8743,9384,10356
9328,9602
9331,9548
9332,9537,9634
9333,9634,9640,18884,19979,24839
9334,24262
9335,9543
9336,9303,25993
9337,9384,10383
9338,9322
9339,9613
9340,9353,9362,15221,22073
9341,9333,28336
9344,9322,22970
9346,10241,10376
9347,9728
9348,9446,10524,19082
9349,9309,10247,11085
9351,9570
9352,19585
9353,9620,9624,10227,10359,10419
9354,9746,10401,31249
9357,9610,9634,27166
9358,10595,16796,29839
9359,10383,19104
9360,9616,10362
9363,9364,29768
9364,3240,9570,27463,30389
9366,9725
9367,9328,9512
9368,10625,29507
9370,9555,9753,13420
9371,10379,10469
9372,5709,10408,29133
9374,10359
9375,9642
9376,27583,29317
9378,9333
9379,9558
9382,10383,15504
9383,9308,9622
9384,10432,10625,12514
9385,9342
9386,9117,9355
9388,9623
9391,9702
9398,9732
9399,12329
9401,10445
9405,9327
9406,9411
9408,7585,9457
9409,9403,9685,10529
9410,30527
9411,3688,21259
9418,18868
9423,9357,9735
9426,9414,16023
9427,10328,10524
9428,10555
9432,10255,29077
9441,3620
9443,10453
9446,9411,24154
9451,9478
9453,9614
9454,20360,22396
9457,10518
9459,20755,25049
9460,15806
9462,337,10569
9465,9351,9645
9468,10399
9470,25533
9478,9335
9482,6435,9609
9483,6997
9488,14376
9490,10362,17053
9495,9637,22439,24202
9498,9349
9499,10353
9502,20777
9505,9454
9512,9384
9518,9559,10287
9524,9549
9527,9620,12338
9529,10582
9532,397
9535,10348
9537,9503
9540,9382
9541,9634,10586,18443,22589
9542,9581,10283,20197
9544,9550,15460
9545,9382
9546,7197
9548,10268,10324,10329
9549,9542
9555,24134,24174
9563,31962
9564,9528
9567,9530
9568,9363,10411,27661
9569,9562
9570,9542
9571,11913
9572,9541,10422,10568
9575,1880,9543
9576,10247
9581,4807,10292,10590
9582,9514,9564
9583,9581
9585,9508
9588,9567
9591,28163
9593,9356,10322,10404
9596,9302,9599
9597,9401
9599,26774
9600,22508
9602,24760
9604,10236,24181
9606,9347,9727,21526
9608,9389,10637,13824
9609,9328
9612,9326,22157
9613,9347,9641,10377,22659
9615,5619,9423,10321
9616,9314,20034
9617,10231,24352
9618,13818
9619,31053
9620,9364
9621,9310,10348
9622,9640,11274
9624,9622,22616
9626,16074
9627,9589,9622
9630,7571,9431,24202
9631,9347,9573,25180
9632,2611,9330,10371
9633,10286,29771
9634,9349,10400,10551
9636,22322
9637,10351
9638,9571,9590
9639,11272
9641,9363,10438,28762
9642,2090,9382
9643,23951
9644,9382
9649,10519
9650,9374,9554,17107
9654,12144,17236
9658,9660,9718,10451
9660,10286,10324
9665,1898,10474
9673,9238
9675,631
9676,10278,16612
9677,9451
9679,9364,10502
9681,255
9684,6306
9687,9464,30013
9688,18615
9692,7426
9693,792,9310
9695,13574
9696,9869
9699,9370,9428,10315
9701,9356
9704,8942,9398
9707,9647
9711,9938
9714,30682
9715,9360,9362
9716,10485
9717,9349
9719,9353,10264
9720,10314
9724,9426
9725,16036
9727,10296,20046
9728,12005
9737,9742
9739,9378
9740,9543,10269
9742,1880,10309
9743,10353
9744,9514,9541,30294
9749,24120
9754,3409,21863,24152
9758,22617
9760,9797
9761,9760,9764
9762,31925
9763,10106,30796
9766,6768,20461,23772
9782,21761
9786,2696
9787,9976,27273,31239
9792,1831,11262,16503
9796,5511,7705,10106
9797,29504
9798,4043,9807,23511
9799,2769,4096,12686
9800,10066,14129
9801,15007
9804,9923
9805,6883
9806,11564
9809,5600,6045,11807
9810,9831
9811,10405
9814,17609
9816,10093,11609,23556
9817,10124
9820,9824,26419
9822,1165,31268
9823,18803
9824,7644
9825,13011,31714
9826,8331
9827,9910
9829,10106
9830,31531
9832,14088
9833,20258
9834,2342,8118,10158
9836,10103,22009
9837,1996,6863
9839,10072,29440
9843,13063,16477
9844,10168
9846,447
9848,3927,25537
9851,23983
9860,5055
9861,6061
9862,9855,10036,15625
9872,7772,20286
9873,1603
9880,8606
9886,30922
9890,4128,21145
9899,17598
9902,18985
9904,9536
9913,10146
9918,1170,5636
9920,8156
9941,14091
9943,22786
9948,10205,31058
9951,7683
9959,9957,12988
9976,4018
9977,2342,10252
9978,27820
9987,5293
9989,12686
9990,10121
9991,12887
9995,7219,10204
10000,5810,24026
10004,25524
10008,10151
10016,8229
10024,10125
10031,12396
10040,11841
10044,31187
10047,7566,16341
10050,10043
10052,9786,21653
10053,2972,26601
10060,26039
10062,10064,27428
10066,9826,22927
10071,22164,29879,31244
10073,9863
10078,10081
10083,5655
10085,9784,25122
10086,18321
10087,27412
10088,9814,22325
10091,11008
10095,2552,9992,24356,31281
10096,9863,9963
10097,9862
10100,9849
10101,24172
10102,30101
10103,5619,30180,30320
10109,16311
10115,24963
10116,9828
10117,23803,26680
10122,14176
10124,5655,20904
10125,3167,24865
10126,17613,21239
10129,5582,8351,11525
10146,9826
10152,10001,10046
10157,13904
10159,4414
10162,22107
10164,10265
10172,9981,10155,26420
10177,24985
10181,435
10184,5904
10189,6471,15530
10190,2112
10192,10322
10193,9807
10196,10053
10200,12879,12946
10201,7337
10203,9798,24575
10205,5600
10207,5796
10209,30681
10211,20907,26339
10212,5601
10213,9365
10216,11929
10218,13636
10220,1142,10376,16448,31099
10221,10629,11492,22580
10222,11890
10223,5549,24682
10224,18295,21234,30004
10225,10652,15730
10226,10225,10362,10391,10454,11924
10228,9374,10611
10234,10328,10415
10235,9322,10383,10613,13074
10236,8597,8817,9550,10065,10408,12530
10237,9384,10349,11879,18881
10238,12866
10239,10241
10241,2718,9293
10242,6254,9615,10233,10235,10371,11926
10243,3084,28415,28692,30998
10245,7272,10383,10463,12188,12192
10248,7520,10265,10423
10249,21761
10250,9347,10254,10273
10251,15261
10252,9610
10253,11889
10255,10426,29222
10256,10254,10286
10261,12257,13825
10262,6697,12326
10264,10584
10265,3846,10590,11977
10266,443
10267,10290
10268,16927
10269,10255
10273,10571,22599
10276,10390
10277,12175,30763
10278,9352
10279,10283
10280,10568
10281,10265,10310,10577,12196
10282,12202
10284,10438
10287,10252,10353
10288,10269
10289,12395
10293,10453,10564,16894
10294,2469,10579
10295,15749
10296,10294,10566
10297,12245
10298,10426
10299,12143
10300,6419
10302,10413,12000,12473
10305,4471
10306,12196,27640
10307,9608,10375
10308,3817,10578
10312,9548,10410
10314,10301
10315,10308,10383
10322,10586
10323,9309
10324,10126
10325,9543,10579
10326,12142
10329,10374
10330,9627,10389,13929
10336,10350,10362
10340,10608
10341,7358
10343,1087,11888
10344,9381,10213
10347,10227,10408,10607,22603
10348,9718
10349,10073
10350,10255
10351,6294
10354,10350,10419,10465,12133,15143
10355,2865,9327,10401
10356,10481
10357,10246,12013
10358,10275,10369,11912
10359,26817
10360,10343
10361,10610,12234
10362,9384,24954
10363,11965
10364,9363,12326
10365,11910
10366,12903,14490
10367,2145,9588,10388,10602,11963,12134,31702
10368,10394,10440,10644,25123
10369,10220
10370,5037,10356,10390,11966
10371,9353,10367,11902,22611
10372,11888
10373,6227
10374,9347,10356
10375,10359,11941
10376,11960,12201,21678
10377,9353,11888
10378,10410,13775
10380,9543,12261
10381,9512,9545
10382,9363,9610,10354
10383,10238,10388
10384,8648,9368,9384,9710
10385,12395
10386,10350,13846
10387,5659
10388,10386
10389,2566,11963,25768
10392,9353,10262,10368,10549,16588
10394,9382,10438
10395,2922
10397,9370,11941,12325
10398,10622
10399,9621
10400,8870,9382,10236,15956
10401,6555,12162,31073
10402,10243,10390
10404,10375,12059,12322
10405,25697
10406,2762,10242,10336
10407,10276,10410,10412,11902,11950
10408,10564
10409,10628,11895
10410,11939,26018
10412,10213
10413,9425,11962
10414,10388,10551,11981,12540,14838
10415,11976
10416,4942,20747
10417,6069,10231,10356
10418,9374,11981,12349
10419,6285,11956,12104
10420,12199
10421,2983,9543
10422,10388,10393,10544,11888,11902,30156
10424,9352,12541
10425,10497,22049,24907
10426,11966
10427,9538
10428,10371
10431,1646,3028,7324,9571,10608,11938,23160
10432,10611
10434,10418
10435,9309,11915,11935,12196,12380
10436,9337,10231,10254,10542,25242
10437,9418,10607
10438,11472
10439,9294,9382,10349,10412
10440,4479,9361,11923
10441,9374,22593
10442,10364,10474,11904
10443,11959
10444,10264,11936
10446,10255
10448,10283
10451,9510,10271
10452,22730
10453,907,2461
10460,12202
10462,12133
10463,9476
10465,132,4165,9656,12325,18363
10466,10236,10431,11889,11948,11992
10468,12545
10470,11902
10473,9409
10476,10419,10473
10477,10308,10485,10502,24026
10480,10376,10449
10481,12144
10482,10353
10483,10473
10486,9476,10440,16149
10487,10353
10490,10390
10492,418
10496,9427
10497,9352
10499,10235
10504,12064
10507,11900
10508,11956,15395
10510,9384
10517,9477,9690
10522,12217
10523,266,10780
10524,577,10270,28458
10527,3186,12008
10528,9702,10502
10530,10474,18927
10531,12037,12132
10539,5809,11651
10540,5677
10542,10467
10547,11936
10548,10268,10506
10552,10528
10555,9489
10556,8505,10551,21786
10559,9689
10561,26957
10562,10265,10418,10579,27385
10564,11941
10565,10291
10567,10283,10371,10591,11955,12220
10568,9576
10571,10568,12102
10572,11965
10573,9541,10564
10574,5912,10422
10575,12377
10577,10254
10579,10286
10580,10568
10581,24549
10582,10564
10583,10282,10294,26067
10585,12144
10586,9581
10587,12253,27811
10588,9588
10594,9849,10245
10596,10418
10598,9337
10600,20562,31125
10601,9363
10603,10397,11899
10604,12088
10605,9101
10607,10611,31411
10612,21951
10613,10265
10615,10231,10590,15917
10616,10286
10620,11936
10621,12193
10622,2109
10626,9409
10628,12211,12508
10630,22348
10632,10354
10635,9327
10637,10580
10639,5944,25674,28163
10641,23544,28068
10642,26157
10646,10910,27763
10647,10690,29649
10654,10966
10658,10748,21794
10660,6240
10661,2108,28755
10663,23733
10666,11050,28047
10667,5576,10642
10669,6164
10670,10655,10682,10934,11842
10671,6189,7334,10893
10674,12696,23567,30043
10675,3167
10676,4753
10678,4455,4747,6482
10679,12586,18762
10680,29876
10681,10826,10982
10687,24083
10688,369,6182,6256,10830
10689,560,2167,10697
10694,2796,9400,22622,22672
10698,2130,21063,31670
10700,2167
10701,10697
10703,10945,27629
10705,10988,12599
10706,3834,10745,19257
10707,10761,11014,18309
10708,4040,20969,26318,28368
10709,10952,15774,20826
10711,28556
10713,6155,6570,10751,10942
10714,4451,24456,27629
10715,10673,12531,26329
10716,10678,11052,16041,22632,23042
10717,10905,12374
10718,11002
10719,3001,11815,23045
10720,10730,11015
10722,199,1015,10713
10724,17827
10725,6182,10740
10726,10694,10756
10729,6060,11015,16734
10730,10978
10731,10674,10740,10893
10733,10729
10734,6188,10991
10737,6236,10905,20618
10739,10713,17981,31342
10741,11014
10744,10751,22996
10745,2874,13042,13375
10747,20711
10748,10695
10749,10730,23542
10751,10961,14085
10754,6564,10662,10729,10951
10755,10995,13277
10756,26897
10758,19004
10760,31524
10762,8800
10767,6323
10783,6209
10786,10707,10997
10787,6164,27275
10790,836
10793,11403
10807,17671
10809,7689
10811,10924
10818,4092
10819,18910
10824,10825
10826,6176,10856
10827,10847,10955
10833,23678
10836,12475
10838,10714,17012
10840,4087
10843,6454
10846,23549
10855,10647
10857,4650
10862,4778,19782,29727
10868,11015
10874,5614,10996
10876,10999
10880,12470
10883,10984
10889,10884
10892,16177
10894,3520
10899,10982,28161
10900,2892,11006,12312
10904,9314,28604,31448
10908,10945
10909,27626
10910,13042
10911,10643
10912,11491
10916,10909
10919,598,10642
10923,6177,10741
10924,6278,10910,20199
10927,6228,6336,10930,12271,12294
10928,16770
10929,28232
10930,10729,19806,28587
10931,6368,12292,12472
10932,12675
10933,16357,25211
10934,12693
10935,6195,10931
10936,562
10939,10693,10695
10941,12472
10942,10978
10944,20573
10945,3395
10946,10642,10905,12430
10949,10239
10951,6248,10975
10952,6276,11624
10954,4442,6173,23238
10955,24940,25703
10956,10745,10968
10959,11577
10962,23146
10963,2042,10966
10964,6226,11929,27968
10966,9117,10732
10969,10964,12299
10970,10708
10971,13832
10973,10902,16863
10977,12879
10978,16328,29028,30726
10981,6306,10941
10983,10713,10732,18803
10984,10731
10987,10973,13775,16031,25729
10988,12394
10989,3834,6257,10685
10990,2251,7336,10799
10991,26978,29202
10992,10751
10993,6348,12290
10994,11014
10995,6759,10945,17956
10996,6209,6303,10754,23549,29207
10997,24640,29202
10998,23316,31126
10999,6531,10036
11001,8232
11002,12833
11004,23449
11005,9845,28058
11007,21388,23350
11008,19563
11009,2502,10780
11010,6226,22161,25032
11013,13905
11014,10931,14005,14852
11016,6194,12294,22575
11018,933,10313,10651,10744
11023,6374
11025,4774,12489
11035,6287,6360,6418
11036,12452,22637
11039,10691
11043,10
11054,10784,23768
11055,30197
11057,11067,14370
11061,22214
11063,30664
11064,11287
11065,11070
11066,3817
11067,25016
11068,12895,25987
11069,10068,11073,15679
11071,11086
11075,22967
11078,6360
11079,1153,30242
11080,11287,14330,17962,26381
11089,11093
11091,7058
11095,7045
11096,5323,7860
11105,7216
11107,1820
11109,11457
11110,6909
11113,24979
11117,4393
11119,24327
11124,11420
11126,8847,14414,19060
11127,14296
11129,23441
11130,7119
11149,3646,12256
11150,11463
11157,4149
11162,286
11164,3556
11169,10505
11171,11438
11174,20558
11175,11398
11177,11312
11178,7045
11181,14415
11183,765,879
11186,4519
11191,11262
11192,6937,7201
11201,7045
11202,11286
11203,7210
11204,11213
11208,9052,9054
11222,7191,18460
11223,31194
11224,1457,7216,22565
11226,6924,11288
11229,11086
11235,9266
11236,11108,20666
11240,30584
11247,11266
11253,5412
11256,11430,31810
11273,2953,11074,18338
11275,6747,9111
11278,11060
11286,24764
11287,25754,28057
11288,11263
11290,11086,11105
11293,11070,11304
11295,6756,6770
11298,11283
11300,7589
11301,1367,20465,31262
11302,5036
11307,9337
11308,6956
11311,14194
11313,3224,26439
11315,11073
11316,11105
11319,11225
11329,11273
11330,12322
11334,166,11143,11225
11339,11111
11341,14204
11348,16015
11349,96
11355,9052,14108
11359,11317
11372,12438
11374,9144
11375,2772,29404
11381,23735,25702
11385,11167
11386,10142
11391,11437
11397,11442
11399,28636
11405,6288,17054
11408,25624
11416,11437,14193
11429,11101,11136
11431,7045,12550
11433,17151
11436,8661,28275,29041
11437,16178
11438,11106
11442,11441
11444,11130
11448,8971,23541
11449,2368
11455,11220
11460,8900
11462,3933
11466,10712,11708
11468,6174
11469,5038,11472,30178
11474,11499
11476,13834
11479,5562
11480,18316,18319
11482,18947,19109
11485,11759
11487,11696,11774
11488,11511,26476
11489,11502
11491,21745
11492,11835
11494,5595
11496,11746,22812
11498,11749,11754
11499,11580,11811
11502,11526
11504,11506
11507,5921,10655
11508,17985,29755
11509,5850,11497,11626,11782
11510,6007
11511,11789
11512,5650,11556,11782
11513,10392,11562,11725
11514,9859,11841,16073,27165
11516,2520,11733,11812
11517,11508,18263,18313,19054
11519,6019,11544,11580,11601
11520,11820
11521,7319,11653,27101
11522,614,5688,18312,18371
11523,11770,18261,19113
11524,6030,15194
11525,6031,11791,11815
11526,4083,11609,11787,27098
11527,2565,6051
11528,11558,19087
11529,18294,18306,18321,18965,19090
11530,11738,11764,11779
11531,18273
11533,11786,28971
11535,11524
11537,11543,28744
11538,6225,11829
11539,11572
11540,6057,6141,11834,31898
11541,952,11779,16990
11542,11767,11812,24524
11544,5762
11545,566,11548,18437
11546,11784
11547,11556,11628,18966,29202
11548,11599,18339
11549,11813,16647,22812
11550,5847,11627
11552,16813,22811
11553,11782,11828,18978,19113
11554,5621,11594
11555,10744,11632,11801,11842
11556,11536,11554,11572
11557,29740
11558,11538,11826,18280
11559,613,11522,18307,18308
11564,6021
11566,5620,11805
11567,5637,11812,11814,26707,30432
11568,11555,11622,19068
11569,22812
11570,11556,11596
11571,11806
11572,11596,11791,11863
11573,2320,11510,11753
11574,11528,11649,28046,31701
11575,11485,11584,13776
11576,10212,11624
11577,11784
11578,11771
11580,11577,11863,18907
11581,11537,11771,22616
11582,11475
11584,5649,6062,11782
11585,10,67,1002,3418,5069,6036,18325,18427
11586,11605
11587,3759,11574,11592,11628,11834
11588,11812,11820,24954
11589,3287,5991
11590,11554,11584,11791
11591,18358,31668
11592,11485,11492
11593,11632,11739,11764,18290,18332,18334,31710
11594,2843,5338,18286,18336
11596,11784,31407
11597,24935
11598,1607,11636
11599,26969
11602,11549,27153,29509
11603,5960
11604,11609,11742
11606,11533,11767
11607,11785,11841,19234
11609,27162,28520
11610,11618,18406,18471
11611,11834
11612,5979,11719,11778
11613,11560
11614,22794
11616,11623,18317
11617,5593
11618,5621
11619,17287,27348
11621,11587,25378
11622,11770,11793,18432,19044,22343
11623,555,18334,18415,18474,19661
11624,6044,11604,11753
11626,11574,11755
11627,18434
11628,11550,11777,19113
11630,11573,11796,27106
11632,11662,18293
11633,7008
11634,11536,11614,11795,11834
11635,11808
11636,11511,11525,11538,11592
11638,11553,19056
11646,836,14163
11647,18321
11653,27140
11654,11778
11655,26656
11656,20389
11663,11850
11664,11778
11668,18327
11673,11566,11709,18308
11674,23532
11676,5913,5926
11681,16814
11686,11767,11820
11689,11627
11693,5935
11698,11634
11700,11525,11547,11734
11701,11616
11702,11483
11704,11556,11575
11708,11701
11710,6051,11867,27106
11716,456,4444,6124,7312
11718,6101
11722,3380,11811,26673
11725,2936,6099
11726,11712
11729,5798
11731,11536,11698
11733,6045
11735,18448
11736,5620,11709
11739,11865
11740,6091,11723
11744,11807
11748,27412
11749,437,11523
11750,11543
11751,11801
11753,11500,11759,11827
11757,5600,11544
11758,3759
11759,11504,14452
11760,11861
11761,5600,11552
11762,10021,11583,11620
11763,11575,11636,11811
11764,18269,19937,20122
11765,11529,11555,11557
11766,11574,11777,11842
11767,11473
11769,23295
11770,18383
11771,11656
11772,5646,11524
11773,20851
11774,4443,5670,6025,11525,11573,11587
11775,18310,18364
11778,5796,11479,22338
11779,5588,5650,11566,11829,18309
11782,11624,12194,20351
11783,5649,6039
11785,5922,11828
11786,26253
11788,7803,11506
11789,2132,11470,11784,11807
11790,11552,11577,11619
11791,11469,11510,11646,24344
11792,5617,6011,11528,11787
11793,11777,26703
11794,11539,11599
11795,5649
11796,11470,11512,11623
11797,5896,10737,11710,11782
11798,11644
11799,8883,11834,12556
11800,11469
11801,6051,6072,11572,11575
11802,11788,18436,18446,19169
11803,11551,11569,11746,11784,11824,31800
11804,21454
11805,11483,11498,22620
11806,5999,11624,18915,27191
11807,10064
11808,11587,11834
11809,28664
11810,10566
11811,3772,11504,11591
11812,6183,22058
11813,11663,23381
11814,5594,11533
11815,11577,11792,22683,26445
11816,9809
11817,18275,18304,18478
11818,11480,11624,11753,23818
11819,11533,17068
11821,2371,5853,11668,12718
11822,11522,11555,18330,18336
11824,11535
11825,10
11826,468,11480,30809
11827,5388,8571,11503
11828,11572,11573
11829,575,18310,18325,18397,18478
11830,10629,11745,11826,18299
11831,5800,6141,8041,11563
11832,18264
11833,11711
11836,11559
11838,6023,11524,11536,11553,11621,11842
11839,27786
11840,600,11629,16826
11841,359,11823
11842,11559,11830,11838,18325
11843,5046
11844,27032
11845,5705
11846,351
11854,18324,19113
11862,11480,11865
11863,5921,6394
11865,11636
11869,12218
11871,16832
11872,11894
11873,11925
11875,10269,10339,30978
11877,4763,5975
11878,21347
11881,15
11883,12232
11884,10222
11885,11105
11887,2438
11888,11912
11890,2042,10342,18132
11892,10409,12004
11893,12175,21673
11894,5841,11880,11979
11895,2441
11896,29138
11898,16769,26698
11899,10613,12189
11900,10215,10407,10661
11901,12277,12521
11902,10242,12008,24678
11903,16769,29029
11905,7045,12468,12529,12541
11906,10348,12380,23450
11907,16823,16830
11910,9444,10583
11911,25787,29491
11912,19801
11913,16822
11914,8269
11915,2153,10433,10599,23406
11916,12192,12215
11917,12505
11918,16987
11920,4393,9571,10238
11922,7037
11923,4268,11902
11924,10348,10608,12071,12133,25757
11925,4480,11981
11926,3756,10418
11927,11932
11928,12210,16782
11929,10418,11965
11930,11945
11932,11933
11933,11890,11906,16814,16825
11934,11872,11937,12301
11935,10636
11936,1983,12143,12197,12198
11937,11946,15004
11938,3428,10389,10607,12014
11939,10561,10590,12143
11940,25956
11941,11910
11942,11908,16818,28453
11943,11988
11944,11902,11952
11946,8109,10367,10440,11978,22616
11947,1744,12135
11948,4123,17019
11949,17019
11950,4420,12203,12474,16824,17010,17013
11951,4417,4721,11973,12205,22182,26745
11952,13056,16837
11953,11993
11954,12421
11955,10595,12167
11956,10590,12206,25596
11957,10537,12136,12199
11958,12164
11959,10368,12215,12257,16969,19550,29716
11960,11895
11961,11895,11944,11965
11962,10414,11905,12326,29321
11963,11062,16220
11965,4516,10378,14074
11966,10404,11939,11965,12519
11967,10245,11976,12232,20567
11968,11981,12203,12280,15398
11969,16809,16969,16994,27355
11970,10368,10371,11964,12569,16796
11971,10368,10614,14444
11973,11959,16978
11974,4435,11921
11975,16994
11976,11942,28390
11978,2106,27816
11979,618,10398
11981,11911,11929
11982,12217,30890
11983,11980,12215
11984,4435,11906,11938,11993,12005
11986,11899
11990,11937,12569
11995,10386
11996,11972,13181
11997,14730
11998,4100
11999,2306,10560,11879
12001,12108,12565
12006,11908,12055,12093
12008,12014,12237
12009,2317
12012,15670
12016,9984
12019,10308,10407,15405
12027,11916,12349
12028,10227
12030,29207
12031,12488,24961
12034,10294
12038,10495,12043
12041,11946
12043,10502
12049,12132
12052,10387
12053,10232
12054,10269,12547,13201
12055,12049,25198
12057,6265,18236
12058,11414,16818
12061,4586,4826
12063,14738
12064,11920,11929
12070,12078
12077,12028,12132,18876
12078,10243,10516
12081,3818,11921,12123
12084,10289,12052
12087,7173,12093
12090,1131
12091,12196,16830
12101,12204
12102,10445,12038
12106,12248,12556
12109,12108
12110,26065
12112,15076
12113,6324,23612
12118,10379,10440,10473
12119,26604
12121,10387
12122,25944
12128,13967
12137,12136
12139,4826
12144,4406
12147,25360
12148,10268
12150,3919
12152,4737,12395
12156,16971
12157,11993
12162,11938,28329
12167,17002
12168,11977,16819
12170,11896,26834
12172,11878,14789
12173,10388,11896,11900
12176,4435
12177,3804,10471
12178,12190
12179,11912,25731
12181,10357
12183,11888,12253
12184,11533
12188,11910,28057
12189,11924
12191,7585,9451,12288,16938
12193,12225,22347
12196,13793
12197,3048,8053
12199,10413,23327
12200,14142,24891
12201,11879,11963
12202,27423
12203,12419,12528,15457
12205,10412,11934
12206,11925
12207,11934
12208,11884,12568,16809,24986
12209,10213,11945
12210,11958,11964,27616
12211,5090,10243,11872,16824
12212,8399,10415,10423,11945,21381
12213,12292
12215,11976,15725,25452,25795
12216,11956,12556
12217,10238
12219,11983
12222,10422
12223,12320,17379
12225,11966
12226,11965,12000
12227,16817,22462
12228,307,2072,12055
12229,10622
12230,11937,12199,16971
12231,11930,12198,21541
12233,2029,12215,19099,28985
12234,11928,11936,11956,11976
12239,25507
12244,24861
12246,16782
12248,12325
12249,10401
12250,11905,11981,16773
12251,10339,12164
12252,12253
12256,10308,12208,12604
12257,10277
12258,18415
12264,12310
12266,4378,21680
12267,11906
12270,12542
12271,3013
12272,8593
12273,1094,2358
12274,4422,4774,24687
12275,12482
12276,4693
12277,4386,12268,14851
12280,4378,26590
12281,11879
12284,6304,12563
12286,16812,17840
12287,12556
12288,22617
12289,12602
12290,7924,10943
12291,11933,11937,12526
12292,4942,5269,12507
12294,4774,15275,22617
12295,4778,10931,11815,12532
12296,15147,31847
12297,1598,4596,12625
12298,4442
12299,12374
12300,3421,12360
12301,4126,12365,12487,24946
12302,12317
12303,4735,12407,12522
12304,4881,12290
12306,7599,12295,12483,30310
12309,12343
12310,10623,12277
12311,4731,4747
12312,12271,12293,12557
12313,10397,10412,10432,11902,26549
12314,8870,10429,10628
12315,22667
12317,10415,11277
12318,10787
12319,5871
12320,4442,12191,12556
12321,4774,10895,12299,20126,22611
12323,4442,22629
12324,1113,14609
12325,22602
12326,9613,10376,10524,31598
12327,3427,4442,25472
12329,12558,12905,22576
12331,28420
12332,15262
12336,4737,12504
12337,10636
12338,12475
12341,4472
12343,10565,12388
12345,14061
12347,12448,16953,24377
12350,6183
12351,12143
12353,6062
12355,4420,29725
12356,26662
12358,7578,10712
12359,22362
12365,12516
12368,12562
12370,12506,12598
12371,10991
12373,12483
12375,12328
12381,2504
12383,16829,26850
12384,12440
12389,22659
12390,1475,6697,31456
12397,9251
12401,2710,4669
12403,7783
12405,10326
12406,4821
12411,4471,9823,10577,22531
12412,22619
12415,11965
12419,4659
12422,3949
12427,12322,15563,22645
12428,5080,12136,12215,22689
12432,12223,12259,12587
12433,4609
12437,10303
12441,12415,12463,12604
12442,10853
12443,12139
12446,12254
12450,22049
12453,12597
12455,12470,12476
12456,12457
12457,26054
12458,12441
12461,12405
12462,15389
12464,12595
12466,24174,29396
12467,4562
12468,2734
12469,22575
12470,12390
12471,12499
12472,10836,12438
12478,4747
12480,10941
12483,4282,12374
12484,4426,5817
12489,4843
12492,22694
12495,16272
12502,10943
12503,11062,12522
12504,6306,11964,12556
12505,11900
12506,9,10935
12507,10991,12499
12509,11906,11910,29697
12510,2767,10215,11946
12513,537,22431
12514,10346,11984,12144
12515,12307
12516,12327,22682
12517,448,24970,31467,31524
12519,6255,12505
12520,3908,8541,22638,25443,30782
12521,4628,12568
12522,4459
12523,587,22616
12524,21440,21937,25657,31024
12526,4641
12527,15677,22603
12528,4719,16932
12529,10219,12151
12531,10969
12532,12224,12503,16985
12533,12510
12534,12505
12538,3344,12566,20163,22580
12541,10628,11937
12542,4410,28222
12543,12302,12496,28580
12544,398
12545,12565
12547,2581
12548,4449,4774,4945,22651
12549,4623,23467,23928
12551,12317,22588,22611
12552,3545
12553,4472,12223,12467,13821,16795,16826,24963
12554,2115,2130,4731,25004
12555,10999,22620
12556,12108
12557,16825,22685
12558,12294,30657
12559,10745,22620
12560,10605,22603
12562,4752,8488,12542,20398
12563,12704
12564,10349,12151
12567,11977,16184,24972
12568,11520
12569,5600,12310,22688
12570,6195
12571,12533,12570
12574,12609
12579,12448
12580,4356
12581,6687,12456
12584,10273
12587,12522
12590,12370
12593,12475
12594,7962,12395,12487,24119
12595,4562,5274,12406
12597,4615,12489
12602,12598,24598
12604,12431
12605,12626
12606,12598,18289
12608,4562,4655,12405
12609,25277
12610,12329
12612,3116,4557,4805,12598
12615,11882,16813
12616,10307
12622,12586
12627,4438,22580
12628,4442,12472
12629,12472
12630,4742,12392
12635,1423,10308,31680
12636,10294
12637,12428
12638,12467
12648,12690
12650,20350,27848
12652,6273,7809
12653,12674
12654,6225,12809,31078
12655,6484,7833
12658,8368,12668,25971
12666,12856,24550
12667,6272,10977,11984
12671,27829
12673,5566,26476,26511
12684,12912,12946
12685,28807
12686,28804
12687,12822
12689,12691,12692,30428
12693,12895
12694,601,26128,28910
12697,7846
12699,8290
12701,1640,28853
12703,12955,13004,20225
12705,27118
12706,28485
12708,567,3232
12709,3016,6272,8952
12712,2513
12713,2697
12717,25015
12718,20498,20565,21722,24230
12719,12835
12721,10954,12715,12905,21831
12722,12703,12893,28153
12724,4708
12725,12946
12727,346
12728,8737
12738,28845
12739,11942
12747,12757
12748,5186
12750,12718
12753,2520
12754,4267
12759,12730
12768,6697
12775,12718,30058
12776,12250
12781,12901
12782,6630
12795,5103
12800,6272
12805,3377,23756
12815,8499
12816,11549,12705,26881,28836
12819,15240
12820,28841,29189
12821,4363,11489
12824,18856
12825,20201
12828,548,11739
12831,17790,27909
12833,6371
12835,12724
12838,4345,12703
12840,2954
12843,2011
12844,6265,6555,21906
12845,27786
12846,6646
12847,10265,13005,23521,28903
12848,20396
12849,7801
12850,2161,6254
12854,12654,12840
12855,25432
12857,26498
12858,2947,12690,12693
12859,31923
12860,21240
12861,23754
12862,6287,30235
12863,737,12906
12864,12890,29592
12865,6589,8569
12866,6285,10773
12870,3727,21936,22348
12872,1802,12864,23743
12875,1150
12880,12906,22337
12883,12742,12808
12884,12862
12887,20400
12888,18338,29192
12889,12529
12890,7460,14479
12891,6265,9091
12892,4018
12893,2880,11001,24982
12894,6295,29320
12895,7059
12897,20474
12898,20379
12899,10778
12901,13000
12903,23658
12906,20379
12907,3022,4980
12910,11559
12911,4123,25129
12912,5067,27073
12913,351,5258,20753
12914,10771
12915,12964,23243
12918,9125
12919,28824
12920,3185,5785
12921,6643,21942
12923,5155,21993
12925,1640,23099
12935,6646,8059
12942,9333,12905
12943,12726,25541
12951,12650
12952,24470
12955,6582
12959,26260
12960,6215
12962,7924,14602,20477
12965,12865,23816
12966,12840
12968,6662,7992
12969,6688
12973,6215
12975,5071,26481
12979,12903,26429
12984,28197
12988,13000
13001,15606
13002,20474
13010,6717
13011,5841,6220
13012,3207,7244
13013,29740
13014,12879
13021,12173
13029,3756
13030,16320
13032,16157
13033,1746
13038,10605,16971
13040,17623
13042,20475,29701
13048,4217,21669
13049,26066,29611
13050,13264
13051,25040
13052,28422
13053,20467,27885,31414
13057,13023
13061,18873
13068,16997,29433,30299
13069,8023
13070,171,18865,21254
13071,5354,13256
13092,13302
13094,1140
13107,693,10472,11572
13109,13276
13110,3234
13115,15353
13119,21239
13127,28365
13133,6509
13134,7551
13135,30614
13142,14351
13148,5792
13152,24806
13157,6662,13210
13162,2511
13172,1963
13175,5199
13179,6794
13190,12618
13191,23328
13193,11300
13204,3488
13230,13067,21190
13231,13022
13232,30189
13235,2287,8883,24301,31381
13240,10235
13250,7257
13251,31527
13255,7944,16526
13256,12315,31995
13258,27379,30950
13259,3306,27354
13263,1135
13264,11489,25858,29856
13272,22076
13287,13793
13288,25873
13289,17094
13294,17027
13301,21561
13302,13213
13305,128,25097
13321,26026
13324,13122
13329,13367
13336,27716
13337,15083
13341,11908
13346,21547
13351,21572
13353,2186,11977
13356,5386
13368,181
13372,2288,16225
13375,21745
13376,13225
13379,13105
13383,18008
13387,6023
13388,24533
13389,13414
13390,4338,28109
13396,2897
13397,28926
13404,2982,15668
13405,16963,26400
13407,2954,17283
13408,2440
13409,1939,16906
13417,30431
13420,10934,12804
13423,30743
13424,10005,18731
13429,19752,31727
13430,19112
13431,628,23695
13433,1111
13435,540
13442,22522
13455,6253
13459,11597,13723
13466,13276,19391
13475,23631
13478,19482
13485,6371
13499,17937
13504,22151
13505,17701,22088
13506,15746
13507,3641
13515,20834
13517,11430
13538,4784
13559,11823,17217
13568,3401
13571,62
13573,1258
13586,17934
13600,16635
13604,20798
13609,26292,27475
13619,13704
13630,19411
13637,28241
13639,40,4735,12866,26340
13640,7282
13642,13431
13644,13397
13648,14815
13652,476,13822
13653,3100,14352
13660,16555
13661,14817
13662,25573
13673,25182
13682,14038
13694,16647
13707,25721
13709,20004,29262
13737,5609
13747,13751
13752,14010,19732
13754,13760,13779,16784
13755,4043,5330,13923
13758,13984
13759,4111,4377,16256
13760,14080
13761,10053,14080,16943
13762,14021
13766,20725
13767,6560
13768,13766,16817
13770,28692
13771,5600,18856,19751
13774,13825,14037,31250
13775,13826
13776,3823,4419,11594,13825
13778,11003,14061,29158
13779,16909,29358
13780,13768,28494
13781,24455
13783,13802,28874
13784,13853
13786,14044
13788,13768,22846
13789,20566
13790,13796,14037
13791,2488,4446,12512
13793,4427,4711,12167,13878,16859,18304
13796,14051,16814,18788
13797,13793,24212
13798,13810,13824
13800,1115,8294,13797,16975
13801,14092
13802,4417,6546,13922,16031
13807,8842,19728,19734
13809,14058,19624
13810,10613
13813,5657,13843
13815,3829,16965,16989
13816,3618
13817,7300
13819,17012
13821,29189
13822,2470
13824,13764,13893,16818
13825,13940
13828,11465
13829,3392,13784,13813,13859
13831,3729,13904,16849,17008,31978
13832,1653,13790
13833,4452
13834,13981,30756
13835,4382,6272,17979
13836,14063,21547
13838,25007
13840,14051
13841,10614,14088
13842,13784
13843,2803,4414,13797
13844,4709,29015
13845,14095,16822
13846,5991,17010
13847,13976,16887
13848,13821
13849,13785,14065,16971
13853,16773,16824
13855,4043,4816,14082
13856,1983,3667,5563
13858,6230,16971
13859,8612,16979
13883,13940
13885,10581
13888,13938
13898,11863,19707
13902,27257
13904,361
13911,13970
13913,7913
13916,13843
13919,14055,14063
13922,4828,13825,14034
13925,12143
13926,19860
13928,2359
13930,14849,21171
13932,5792
13933,13907,16872,18036
13936,12533
13942,2396
13947,13906
13950,6480,13981
13951,4763,14049
13955,1620
13960,1978,24259
13965,13897,23181
13970,4338,4657
13981,14037
13988,13784,16932,17001
13989,29078
13991,21915
13993,13775
14001,1187,7854,13890,14016
14002,3504
14003,19606,26842,29732
14004,3719,9661
14007,13843,13853
14009,21058
14011,4452,27187
14012,14010
14014,4902,13796,16826
14015,14039,22575
14016,13777,26905
14018,14017,23772
14019,6465
14021,16985,17000,22408
14028,16813,17956
14029,13793,22709
14032,16461,19585,31367
14033,2422
14034,4523,25483
14036,4873,13105
14037,13807,16314
14038,4440,10105,11632,13802
14039,20062
14041,11801,15491,16022
14043,13967,22591
14044,24920
14045,4753
14046,14065,20230
14049,18284
14052,13811,13816,14070
14053,27739
14055,5248,14021,18774
14058,4393,4466,16815
14060,4759
14062,14066,16836,19565
14063,14051
14066,13854
14067,19585
14068,13775,19992
14069,13792,16970
14070,14051
14071,13781
14072,4466,6007
14075,1186,16840
14076,6063
14077,2028,13835
14079,11819
14080,7711,13797,14039
14082,13801,21937
14083,4770,28556
14085,14817
14086,19614
14089,2337,4040
14090,13909
14091,13798,31709
14092,8568
14095,1537
14101,2779
14102,4623
14103,14293,26125
14106,5061,24865
14109,14206
14111,23974
14112,11289
14114,19100
14115,11058,15641
14119,22708
14121,4070
14122,3377,16985,23170
14124,14289
14125,19578
14127,5065,14199,18900,24502
14128,18893,27672
14130,23432
14131,4304
14137,1657
14139,15632
14140,14259
14141,12909,14452
14143,8571,25544
14144,18341
14145,14395,14641
14158,5946
14164,11815
14165,14122
14167,14394
14182,14246,14373,14707
14187,14197,30210
14189,29800
14190,5844
14192,13464
14197,325
14199,14232
14200,14225
14209,14696
14210,14215,22295
14214,8910
14216,11108
14219,4437,14441
14220,14351,16182
14224,14763
14225,11278
14227,25117
14229,14691
14233,11291
14234,14746
14245,14436,18690
14246,2107,2491,14182
14247,592,14384
14249,1751
14258,14405,14707
14264,5462
14265,1394
14271,15416
14274,14127
14280,15286
14286,1395,7563,24606
14287,2925,3168,14351
14290,11318
14291,8249,24973
14292,8593,9104
14297,14799
14298,11131
14304,14176
14309,14320
14310,4386,29529
14311,14176
14326,14350
14330,14281
14332,11152,14444
14343,11106,11117,18884
14344,14315
14346,14265
14349,14408
14352,22110
14357,14107
14364,17622
14376,17203
14386,14344
14390,26842
14393,11185
14406,12913
14414,18671,27302
14422,14232,14444
14425,14555
14430,435,14199
14431,3135
14434,14177
14436,29158
14439,11288
14448,6272
14450,30089
14460,6556,16969,20464
14462,30793
14463,641,14142
14465,25852
14467,126
14475,1242
14477,8174,19557
14488,764
14489,14609
14490,7838
14506,14535
14509,6294,14587
14513,14746
14522,14723
14525,1738
14528,14122,14289
14530,4768
14532,14779
14535,14455
14540,18660
14541,862,14405
14545,1772
14550,6286
14552,14695
14556,14504
14562,6396
14563,15051,16629
14568,5655
14569,4132
14570,311
14573,14549
14577,2391
14580,2660
14584,14505
14591,3610,7665
14596,4298
14599,15468
14612,7285
14613,14592
14614,14142
14616,12952
14617,14627
14619,4826,18174,25561
14622,5212,26268
14623,16108
14624,14640
14633,14658
14643,6303,14624
14646,14132,29858
14647,4999
14649,540
14651,4424,16919
14652,29885
14654,6880,26957
14657,5011,8208,29834
14669,14457
14673,14216,18563
14685,26006
14686,17446
14687,29495
14688,14638
14703,14473
14704,3592,28496
14717,15386
14723,18642
14724,21893
14728,18703
14731,14363,18643,18696
14737,92,14561
14738,14476
14750,14723
14754,14636
14756,14718
14758,23996
14759,2148
14762,14283
14766,14452
14767,18502
14772,3134
14776,14192
14785,645,686
14788,14809
14789,20443
14791,15003
14792,6185
14793,515,641,707,880,14785,14815,14817,25687
14794,602,14826,20501
14795,611
14796,1177,8104,15020
14797,4
14798,1094,1123,23570,24879
14800,1652
14801,1123,18264,29749
14802,15014,18264,18349
14803,14925
14804,14801,20364
14805,19
14807,1527,1552,2008,15004,18320
14808,65,612,5098,18284,18309
14809,30235
14811,10128,19106
14812,65,620,1571,6515,15077,18272,18324
14813,1880,14850
14814,5007,14847,17320,29737,29757
14815,382
14816,1177,1613,8105
14817,605,1974
14818,8062
14819,18318
14820,8,15002,18417,18444,29741,29774
14821,455,3390,7855,14942
14822,14848,14976
14823,569,1768,12215
14824,453,892,2705,14877,14913,18284,18308
14825,15008
14826,1562,15009,15027,31196,31822
14827,15006,29746,29751
14828,2835,18342,18350,21712
14829,1186,14831,15013
14830,14823,29746,29770
14831,617,2053
14832,1195,14883,15079
14833,14799
14834,14826
14835,10227,18324,22946,29756
14837,1282
14838,29754
14839,1287,8118,14799,14834
14840,645,718,989,5426,6011,14849,14853,18322
14841,1171,1652,1886,14887,15004
14842,1177,14798,14811
14843,4442,30238
14844,58,1123,1664,14798,14803,14812
14845,15929
14846,54,29761
14847,14994,15014,29742
14848,18938,30235
14849,636,18478,29742
14851,566,590,986,1613,19585
14852,566,597,15098,18304
14853,1139,7887,14816,29742
14854,8105,16936,30284
14855,14797,14847,19099,26154,29765
14856,18378
14857,14822,15083
14858,881,1479
14860,641,956,6011,15067
14861,183,1287
14863,218,761,765,18328
14864,636
14867,605,14878,18309,18444
14868,14956
14869,1195,16176
14870,150,3390,14942
14871,123,15017
14872,15012
14873,15003
14874,793,947,18735,19049
14876,114,14956
14877,1085,1137
14878,62,859,1797,13663,14890,15014,18473
14879,14890,14936,15033,30235
14880,15019
14881,14852
14882,27082
14884,14811
14885,1344
14886,46
14888,15109
14889,14857,15004,15033
14890,355,602,620,15090
14893,602,18310
14897,114,272,747,15018,15030,29749
14898,65,1839
14899,1275,1750
14901,14915,14920,15099
14902,191,525,2008,14942,18472
14903,29736
14905,382,15005,30352
14906,14803
14907,14951,18295
14908,1527
14910,4428
14911,18366,22858
14912,18337
14913,885
14915,1171,7855
14916,14909,29740
14917,15087
14918,14847,14902
14919,203,1848,14879
14920,544,14902,14964
14921,1636,8174,8199
14923,14940
14924,8294,12193
14926,1268,1901
14930,14890
14931,14924
14932,14816
14933,14916,29754
14937,14803,18396
14939,203,18411
14942,14845
14947,14864
14948,898,14863
14949,537,18479
14952,15005,18332,29778
14953,617,924
14954,15101
14956,15094,18290
14957,14794
14961,58,2019,18413,21210
14963,16926
14964,1984,8118
14967,379,1123
14971,587,1163,1414,1965
14973,1422
14974,956
14975,14845,14906,18459
14977,18400
14978,952
14979,14853
14980,1171,1403,1422,2008
14982,1797
14984,22330
14989,15012
14990,700,14953
14992,14807,29765
14994,230,14788,14801,14807,14818,14831,14834,25048
14995,14879,15002
14997,471,14844,14884,14994
14999,2050
15000,1,29755
15001,18334,29753
15002,946,1123,1154,1965,14857
15003,1506,14823,29750
15004,62,591,1509,8049,15014,15018,29737,29749
15005,2986,14809,14812,14830,18306,18318
15006,14919
15007,1123,1164,15077,18310,18411,27995
15008,58,14839,18275,18307,18324,29759
15010,14811,19933
15012,19,14969
15014,641,947,15049,18293
15016,219,980
15020,14350
15022,4444,14970
15023,14978
15024,1185,14901,14903
15026,299,14972,30235
15027,15140
15030,980,14956,19814
15031,7862,9451,14922
15032,604
15035,358,1164,15051
15037,18322
15038,901,956
15039,1897,29741
15042,64,1397,15073
15043,18374
15045,379,764,1571
15046,1323
15047,18440
15048,851,892,18455
15049,917,18374
15050,853
15051,29762
15052,5671
15055,15083
15057,921,1399,14830
15059,881,12754,18946
15061,14855,15077
15062,14917
15063,14924
15064,449
15067,143,366,1287,14949
15068,19024
15069,1028,18256
15072,1262,15049
15073,15023
15074,62,203
15077,3316
15078,10787,14799,15099
15079,1323,14830,24130
15080,74,14903
15082,14826,14916
15085,26198
15086,1268,14864,15036
15088,848,1275,29771
15089,18307,18400,29745
15090,29740
15091,14858
15093,14941,22342
15094,14825,15015,15035
15095,16344,29762
15096,18963,29736
15098,569,14913,23129
15099,75,850,15080
15101,30251
15102,888,30886
15104,14909
15105,11863
15106,1780,6662,14958
15107,321
15109,14921
15110,14901,15076
15112,544,29754,29777
15113,851,903
15117,14825,15177
15124,8358
15126,12951,17784
15134,6094
15140,8713,11130
15149,4724,11942
15163,15368
15170,5648
15189,17269
15203,15373,19059
15209,24354
15210,4413,11332
15211,2566
15215,11433
15218,15306
15229,15371
15237,22478
15244,15419
15252,15419
15257,15240
15262,15693
15268,449,29058
15269,23588
15270,448,1166
15273,14095
15274,15178,27586
15277,8314
15278,17157,29751
15279,14147
15280,14395
15281,14435,15143
15284,14527,17278
15286,2115
15288,28058
15290,17054
15291,9274,15362
15297,286
15299,17199
15301,12340
15303,23465
15305,15223
15309,7534
15323,16096
15324,15219
15329,28015
15332,11344
15340,15221
15347,246,11228
15350,16887
15362,17335
15364,18417
15366,26978
15371,1287
15374,16909
15380,14252,15187
15385,6842,9824,11737,15399
15386,1999
15391,15386
15393,15386
15397,1198,15419
15398,15676,15693
15400,19797
15403,15248
15405,20436
15409,5251
15410,15746
15423,2680
15425,15397
15426,6201
15431,22651
15433,12550
15438,15482
15440,12529
15441,14701
15446,10221,25283,25309
15448,6951,15460
15449,16454
15452,15699
15456,21380
15457,4470
15458,29983
15459,14650
15462,7590,25858
15468,10717
15469,853,3403,6767
15470,15474,15708
15471,496
15472,22149
15473,6040,15671,18338
15476,2458
15478,8081,15646,15648
15480,11597
15481,7047,11552
15482,15453,31439
15485,6756,15455,29675
15486,9824
15488,29690
15491,15502,15688
15492,24205
15495,4752,10962
15497,21361
15498,15692,22058
15499,11780,20206
15502,11472,11485
15503,2415,2980
15506,6295,26264
15513,7179
15514,29954
15516,8765
15518,15486
15520,3999
15521,23248
15522,16964
15526,2953
15527,18161
15529,7196
15530,7215,15559
15534,15553
15537,23152
15539,29964
15541,10714,15447
15542,3918,15520
15544,4284,6923,7219
15545,9933
15549,6388,31753
15551,587,3798,6951
15554,4338
15556,12862
15558,11282
15566,18413
15576,22134
15582,15608
15583,15671,29985
15590,15667,20445,20966
15591,8984,28958,29668
15596,21710
15599,403
15600,15596
15604,12473
15609,4350,29985
15613,6465
15615,15437
15620,7196,7225
15630,15470
15635,7140,29194
15644,15470
15645,26197
15648,12087,15446
15655,11065,22426,24426
15656,15602,23898
15657,15018,15482
15658,6779,10130
15659,15606
15661,15390
15662,3807
15664,6899
15665,4778,21927
15666,9378,15587
15668,15635,29683
15670,15453,22619
15672,4966,20334
15674,15501,15633
15675,6705
15677,3009,15482,22557,29676
15679,3546,16613
15680,15460,15695
15681,12687,15505,24511
15683,15729
15687,14807,15278
15689,29855
15691,18788
15695,2245,24580
15696,11065
15697,7196,10729
15699,15658,31739
15703,29989
15705,12874,15618,29952
15706,28853
15710,1099,15934
15711,24940
15713,18010
15714,31795
15715,15710,20920,25143
15716,4688,5042,7554
15717,15935,24966
15718,23090,31434
15720,12184,20166
15722,14037
15723,15734,19768,24027
15724,22073,24017
15725,5392
15728,4975,24952
15729,22432
15730,15738
15731,3011,15937
15732,17673,24995
15734,7783,24096
15735,5501,11469,24968
15738,24995,29853
15740,5358,15766,15914,24956
15741,12648
15742,7607,7749
15743,620,15730,24099,24960,24997,30932
15745,7312,15898
15746,15722,27760
15748,15934,25002,25123
15749,24988,25005
15750,9614,22315,24952
15751,24006,24098
15752,5110,7272,15959,24085,24966,31339
15753,27496
15754,24412,25035
15757,183,13139
15758,15750
15759,15722,15950,25126
15760,7337
15761,15952,15955
15762,15838
15763,15729
15764,7203,25119
15765,14394
15771,15759
15772,5554
15773,24946,25017
15774,15005,25009
15775,25001
15776,23997,27445
15777,25048
15785,15967,24074
15786,3086
15789,15749
15792,31243
15794,15773
15797,15849,19765
15800,15799,17573
15802,21722,25009
15804,12192
15806,7400
15813,25084
15818,15749,25082,27436
15819,6378,15795
15823,14809,30167
15826,7619
15828,7736,22433,24981,25123
15830,16930,25048
15833,22343
15836,25017
15837,15937,25564
15841,24365
15843,7702
15846,24950
15851,27422
15852,3802,7548,15912,27428
15854,17872,18003
15855,4344
15857,1174
15861,15773
15862,27417
15863,15755
15864,12865
15865,11618
15866,15729
15867,27459
15869,15849
15874,7478,19316
15875,7707
15876,15941,24960
15879,3924
15881,15419
15882,5542
15884,9096
15886,15962
15889,22320,22645,24023
15895,15877
15899,4300,24063
15901,24057
15902,15734,24063
15907,3700,24759,24960
15908,24074
15909,25120
15912,29479
15915,15734,24988
15917,5036,24005,28956
15918,15731,22616,24952
15919,5446,25001,25017
15920,3240
15921,5338,5441,7311,23767
15922,5021
15924,24941,25838
15925,14115,22320,24027,24326,27423
15926,15729,15897
15927,7921,24948
15928,7702
15929,15718,27754
15930,15936,24412
15932,5257,15018,15806,24968
15935,15849,24943,28453
15936,15739
15937,2974,19428
15939,6465,15954
15940,15909,24328,24970,27429
15941,5314,25173,27558
15943,5300,24947,24986
15945,24328
15946,7299,30958
15947,4022,15731
15948,15830,24956
15949,12299,20446,21082,25013
15952,15925,24934
15953,23993,24100,24944
15955,6774,22436
15956,20186
15958,19773
15959,1136,15769,17562,24087,24100,24942
15962,24006
15963,24938
15969,22348,27405
15970,7506,24944
15973,24027,24064
15976,15939,20960
15978,18952,22206
15979,15985,16193,16211,16213
15980,15994
15982,17992,18258
15983,30899
15984,10439
15985,16181
15987,22236
15988,22255,22277
15991,14452,16035
15994,3042,11928
15995,16013
15996,16001,16002
15997,8010,15982
15998,16003,16185,16215
16001,16023,16218
16002,18490
16004,16182,25782
16007,16022
16010,15999,17189
16011,16021,18938,18960,19114
16015,16021,16195,16209,16218
16016,16164,16195
16017,16188
16018,13071,19974
16019,152,7893,16024,16218
16020,19062,19095
16022,13970,16140
16023,16048,18259,22884,25143
16024,25472,28570
16027,19005
16029,5366,16095,16188,18880,18973,19097
16030,16179,19100
16031,12216,16078,20720,30257
16033,16173,20638
16034,4891,16176,20613
16035,8364,15988
16036,16191,20584
16037,16015,16031
16038,16176,20649
16040,241,16199,20547
16041,16035
16042,22302
16043,22275
16045,16013
16049,3101
16051,22287
16052,16045,16144
16054,16228
16056,16088
16058,16131
16059,16152,30259
16060,21284
16063,9978
16064,16127
16067,5200
16074,16087
16077,22837
16080,22271
16083,16030,20567,22908
16084,13156
16087,16224
16092,16216
16095,16032,16068
16096,16095,16228,22907
16098,2972,16037,16224
16100,16055
16101,22299
16106,22896
16107,16120
16108,13168
16109,16214
16113,15052,19614
16115,16158
16117,19661,22213
16119,16228
16120,15766
16124,13464
16125,19103
16126,16028
16134,16193
16135,6023
16136,16079
16137,16164,22255
16138,11492
16139,16042
16140,16024
16142,16203
16144,3000
16145,16063
16146,8234,22276
16150,16045,21010
16152,18990,22292
16158,22875
16160,31294
16162,16157,22907
16163,15987
16164,16169,16209
16165,16071
16166,27323
16167,16140
16168,16164
16169,16095,16240
16171,15990
16173,16000,16011,16157,29744,30233
16174,1185,16039
16175,15982,16003,16173,20562
16176,16041
16177,16036,16050
16178,16184
16179,16017,19117
16180,16024,16802,30713
16181,20576
16186,10636,16023,16045,16192
16187,4719,6745,16084,16188
16188,19059
16189,16102,20593
16190,16039,20613,22098
16191,5330,16204
16193,16138,16181,30229
16195,16215
16196,1160,5371,16073,16187
16197,16045,16122
16198,16194,16218
16201,3007,16202
16202,15979,16123,16204
16205,16215,19041
16207,16028,16189,24944
16208,21678
16209,18900,30172
16211,15985,16194,16233
16212,16169
16214,16022
16216,11207,20567
16220,16169
16222,27503
16227,22231,22896
16229,16088
16236,16204
16239,16015,16023
16241,6525
16242,5383,16297,16436
16245,10111
16246,11041,25927
16249,1403,2038,26064
16251,10425
16255,18660
16256,3703
16258,16452,20048,27661
16267,30074
16268,19221
16275,5016,26254
16276,16796,31337
16282,18955
16283,12958,16272
16284,5977
16285,13410
16289,6060,22659
16291,16484,19153
16299,8321
16302,8540
16303,5605
16305,14819
16312,16282
16314,5419
16315,1616,5034,7307,16249,23996,30852
16316,9966,10060,18242
16319,17717
16320,21798
16321,11832,18879
16323,4874,6043,16461,29522
16326,31847
16327,57,16342
16329,5605,16357
16330,10938,29889
16331,12257
16338,7015
16339,11534,15739,18875,24813
16342,7226,27374
16344,5062,5340
16346,27347
16348,16193,16289
16351,2338
16352,10973,16302,16345,29599
16358,16312
16365,7344
16374,23814
16379,29236
16380,6934,28762
16384,23396
16385,16318
16388,7244,9963
16392,9102,21735
16394,2706
16395,14095
16402,19062
16410,11480,30602
16431,15002,16344
16433,6564
16436,5385
16446,16326
16448,1093,26877
16450,14010
16451,31661
16454,5425
16455,6771
16456,16317
16457,11006,17948
16464,3862,16241
16468,6769
16469,14197,16297
16471,14707
16473,507
16480,16378
16484,29187
16496,12483,24011
16502,8293
16503,17597
16504,22882
16506,8851
16518,16697
16527,15313
16537,3688
16539,2351,8856
16541,17762,30945
16542,9397
16551,16605
16557,24524
16561,5649
16562,15037,17545
16563,16671
16564,4435
16568,18248
16570,16753
16579,9655
16581,16573
16587,16588
16588,5414
16590,18576
16593,16538,18665
16596,12692
16598,15664,17778
16604,18652
16610,21947
16611,18597
16615,16614,16694
16617,1147,25537
16618,16689
16620,17633
16634,3313
16641,30963
16654,2278
16656,16516
16661,18505
16669,18581
16670,16560
16673,2159
16676,16817
16680,6827,14475
16687,16761,18506,19309
16690,16598,17637
16696,13127
16702,23331
16708,18521
16727,8915
16737,18566
16738,16608,16644,17814
16740,16727,18576
16741,3207
16742,22397
16744,1745
16750,19801
16751,16575
16752,16555,16691
16759,16608,16622
16765,11980,16817
16767,8470,11884
16768,14095,30135
16770,11942,16782
16772,4763
16773,12192,23250
16774,13766
16775,11888
16777,16000
16778,30945
16779,336
16783,14085,31191
16786,19925
16791,14014
16792,16840
16794,2434
16795,11948
16796,11823,13790,16808,28347
16797,16814,16843,26332
16798,4438,8568,12036,12201
16799,13967,19485
16800,4344,13796,19308,25128
16801,16943
16802,9779,11928,16965
16803,12512,19253
16804,1947,11253
16806,4709
16807,11896,13786
16808,16811
16809,4421,4770,14027,14082,17012
16810,14062,16826
16811,3415,13798,15055,16953
16813,16826
16815,4711,11917,16964,17008
16816,2767,13777,15466,24938
16819,16815,16970
16821,4737,12528
16822,18047
16823,12208,17008,23492
16824,13786,24961
16825,16943
16826,4567,11905,11945,12528,26148
16827,11976,16809,17010,27130
16828,16800
16829,3867,4393,4558,12197
16830,16987,31399
16831,11747,16808
16832,4737,13844
16834,16970
16837,12208
16838,10437,11523,16794,16898
16839,4650,9430,10398,12504,17008,27723
16840,7929
16841,27006
16842,13775,13796,13797,18781
16843,12151,13981,14028,14037
16844,567,1603,16819,16972,21710
16847,13921
16848,16883
16851,16894
16854,8639,13801,16953
16856,10204
16859,24077,29589
16862,5888
16870,4648
16871,13918
16874,12240,19195
16876,16881
16877,10707
16878,8343,16917
16880,4646
16884,12467
16887,11945,17012,17014
16888,10877
16889,418,22803
16890,16929
16892,22073
16896,21887
16905,12406,16883
16907,13948,16922
16912,13908
16914,16823
16915,12624
16920,13981,21500
16923,1473
16924,16878
16926,13796,13970
16927,14027
16933,11964
16935,17002
16941,4723,29048
16948,16987,20186
16950,16836
16951,16795,27123
16952,1623,31244
16953,6746
16954,13822,16272
16955,13995,16896
16956,7823,11908,11921
16959,6032,13835
16960,11921
16961,4393,4468,11945,13846,14082,29983
16962,7968,13797
16966,13995,16819,16911
16968,4417,11972,12310,13846,16836
16969,11968,16997
16970,14042
16971,14651,16818,16836,16955,16994,18358
16972,16785
16973,1953,4468,14055,16814,16825,30278
16974,12131,16893
16975,10083,16953,28441
16976,5061
16977,4470,11959
16979,16844
16980,6201,13783,13835
16981,16843
16982,13779,16778
16983,13786,14063
16984,3795,16943,28797
16985,16796
16987,13845,17728
16988,4480
16992,16824
16994,11606,14013,21547
16997,16844
16998,6029,11896,12220
16999,12000
17000,16824,16980
17001,59,2128,10234
17002,27833
17003,16955,17801
17004,14043,16811,16824
17006,1961,9382,14027,16939
17007,597,4414,25931
17008,16819
17010,12172,14044,16887,16969
17012,16840,27307
17013,12208,16906
17014,4770,16830
17016,16833
17017,4457,6275,12016,25593
17018,4709,11968,13056,17012
17021,14058,29760
17023,931
17027,13042
17029,15312,17974,29750
17032,5430
17033,12294,28711
17035,4466
17037,24995
17047,2910,4694
17051,13675
17057,19734
17062,26660
17070,15296
17074,2607,17275
17078,9144
17082,26329
17084,19521
17090,13186
17099,6291
17113,6549,17129
17116,15368
17123,107,17235
17124,21413
17130,13076
17131,17240
17136,307
17160,3825
17165,20182
17184,22040
17186,277,15996,28570
17206,22478
17216,17045
17240,17150
17245,15172,15557
17256,5992
17264,11733,17044
17274,15017
17281,17855
17284,2053,26020
17287,26689
17290,6945
17298,13259
17301,3380
17305,14407
17316,28504
17317,4335
17323,17458
17325,23446,27495
17327,19828
17332,956,17425
17333,18693
17334,16863
17335,1590
17342,9511,17529
17355,2460,17297
17360,17450
17364,17313,25618
17370,14924
17373,17461
17374,17525
17382,14058
17395,13192
17402,1584,17407
17404,10422
17418,5676
17422,10142
17425,17495
17431,25963
17434,2455
17437,6453,16864,17351,17479
17441,19515,26978
17450,6817
17457,31073
17471,15624
17472,13162
17477,19619
17479,5636
17480,903
17483,17356
17488,28109
17496,14395
17497,6182,17372
17498,16859
17499,2578
17508,11381
17526,7081
17527,17368
17529,17512
17536,1213
17537,24959
17538,8303,9076
17543,15755,25656
17544,7830,17569
17546,2500
17549,24760,31519
17550,5319
17551,5826
17552,21392
17553,31822
17556,24134,24160
17558,4822,17698
17559,17557,17578,31709
17566,2526,8846,20719
17567,9179
17568,17631
17577,3292
17590,24367
17595,14926
17602,12595
17606,5071
17608,8291
17616,11592,29315
17618,4432,5762,25118
17619,9201
17623,10357,15920
17632,19106
17634,11166,17671
17636,30281
17637,16625,17594
17640,17626
17642,15693,17651
17644,1323,20721
17653,17757
17656,16043
17661,18344
17665,15130,17757
17669,6707
17672,2426,13102
17673,10076
17677,11839
17684,5028
17685,7198
17701,454,1277
17705,230
17713,17623
17714,31230
17720,17676
17723,17654
17724,12906
17734,397
17735,17650
17736,17740
17737,9484
17738,15792
17749,17777
17750,15757
17751,12069
17757,27422
17758,17000
17764,13489,27165
17770,17751
17771,9822
17778,7821
17779,17591
17781,1273,27814
17789,17804,20105
17791,17943
17793,17810
17796,17935
17803,17905
17805,31101
17806,10761,12134
17808,17811,17939,22582
17811,13568,15287
17812,29574
17813,24435,31646
17818,11585,18056
17819,30780
17820,17851,18160
17822,20929
17825,3415,17976
17827,17840,27053
17830,17827
17831,11779
17833,17975,19895
17835,17967
17836,1652,9108,12765,17980
17842,21931
17843,14283,17840,30543
17844,2475,18022
17852,17955
17853,3053,17880,18006,23626
17854,11529,20970
17858,17847
17859,10741,17832,17942,19146,24395
17861,7832
17862,20928
17863,26823
17864,17831
17865,5088,17788
17866,17827
17868,11968
17872,15832,18025
17873,2172
17875,17948
17877,6468
17879,17804
17881,17974,29871
17883,17886
17884,17816,17840,23571
17885,20201
17886,1176,17998,31524
17888,15005,27390
17891,5042
17910,17798
17928,28313
17929,23914
17937,27690
17948,21005
17950,3974,31426
17952,17984
17955,17827,17866
17956,11442,18005
17957,17818,17829,18129
17961,5758,30105
17962,17849
17964,1123,26823
17965,17847,17928
17966,3370
17967,17892,26823
17968,10096
17970,17822
17973,10227
17976,29276
17980,2949
17982,17836
17983,17840
17984,15646,17818
17985,17807,20893,20918
17988,16282
17990,17827,20197
17991,20930
17994,12129
17995,11790
17997,3144,11266,17850
18000,17872
18001,4304,26823
18002,17831
18003,17831,17872
18004,5010,17847
18005,15670,29888
18006,17867,29437
18007,1417,31356
18022,31683
18025,16802
18027,18029
18028,18190,18251
18029,18236
18031,18073,23057
18035,25539
18037,20036
18038,11595
18039,19193
18040,20950
18041,4294,5453
18044,25814
18047,11547
18050,22075
18053,26814,30108
18058,18169
18059,18124
18062,25804
18063,11895
18064,22688
18065,20976
18067,30322
18070,6058,18044
18071,26120
18072,31768
18074,12542,15008
18077,15184,18212
18084,18221
18099,15094
18106,25174
18108,12104
18117,11364
18190,18836
18194,2751,20464
18196,4937,16309
18199,18232
18218,4313,5656
18222,23578
18224,18046
18227,5320
18229,29233
18231,21758
18232,16787
18240,6289,18023,18216
18241,11936
18242,10378
18243,18113
18245,2511,10784
18248,30994
18252,14811,18147
18253,21953
18255,14793,14798,14852,18273
18256,17240,18314
18257,11523,11616,15076,18259,27703
18258,5160,6041,18332
18259,555,11775,11856
18260,18479,29749
18261,4335,11523,11830,14846,15718,18951
18262,601,660,16787,18364,18470
18263,1058,18268
18264,774,906,18899
18265,18280,18473,29636
18266,11528
18267,11632,14845,18325
18268,215
18270,1247
18272,592,11508,11764,18448,18451
18274,11528,11627
18275,11745,18272
18277,11745,14890
18278,507,15001
18279,14852,14994
18280,15043,18290
18281,31664
18282,24096
18284,458,605,15004,18301
18285,365,14864,14991,15005,15008,16911,18297,18384,19044,21693
18286,2502,11594,18434
18287,411,5585,5642,18304,18332,27963
18288,18260,18407
18289,18338,18402,18450
18290,9183,11593,18306
18291,11478,18263
18292,11523,14795,18273
18293,14863,15008
18294,7348,7684,18319
18295,947,15695
18296,11522,14902,18976
18297,18321
18298,904,6069,11523,21326
18299,11632,11770,14852,15049,18294,18428
18300,14846,18297,18310
18301,525,11015
18302,13260,15010
18303,11766,18263,18311
18304,11764,13057,14945,18317,18428,29757
18305,11593,18325
18306,1656,11616,14826,15005,18275,29741
18307,11623,11770
18308,601,3358,11616,18275,18479
18309,64,18303,18320,18474
18310,11830,15076,18309,24532
18311,11006,11616,29741
18312,64,566,587,614,2150,6503,11529,29752
18313,11623,15080,18325,18339,29740,29765,29771
18314,2525,18333
18315,15049,29778
18316,18366,21336
18317,11538,18336,19045
18318,13945,18312,18326
18319,43,841,965,11832
18320,609,18472
18321,18280
18322,18309,29926
18324,15005,17804,18321,19806
18326,5588,14809,18280,18315
18327,550,6260,11591,11622,11829,18296,18306,18415,18436,18470,18475
18328,171,11523,18264,18293,18320,18321,18478,21336
18329,18296
18330,530,1002,14815,18296,18331,18339,18474
18331,508,604,4068,20126
18332,50,904,1085,5581
18333,614,14811,14991,18314,29769
18335,11622,21750
18336,530,18305,18426,18971
18337,14824,18286,18384,29761
18338,14798,18296,18415,18431,29778,31975
18339,5567,11622,18331,19103
18341,20188
18342,11622
18344,2942,15090
18346,18364
18347,14893,19816
18348,18412
18349,230,14808
18350,617
18351,14952,29753
18352,230,277
18353,18436
18354,11449,14845,18277
18355,18480
18356,18448
18357,18567
18360,1037,21551
18361,844
18362,641,11622,18336
18363,421,11830,18348,18358
18364,18322
18365,274
18367,11505,14891,18415
18368,14225
18369,18366
18370,594
18371,18341,19070,24898
18372,18289
18378,18384
18380,18336
18381,31281
18382,904,18432
18385,183,18349,29774
18388,286,620,729,941,994,18295,18360
18391,587
18392,5567
18396,346,18431
18397,18441,26880
18400,11735,18298
18401,5912,11810,18451
18403,6524,18432,19103
18405,18293
18406,414,18286
18407,18950,29762
18408,18309
18409,14994
18410,14636
18411,350,994,18330,18416
18412,425,980,994,18415,18428,18447
18413,379,530,18444
18414,414,18281
18415,18293,18306,24320
18416,5854
18417,499
18419,242,1486,5779,18415
18420,18314,18447,18963
18421,419,999,18286,18406,31726
18422,441
18424,4656,11623
18425,359,11528
18426,29275
18427,5911,11734,18435
18428,455,5360,11522
18429,5901,11825,18420,19038,19112
18430,11616,18423
18431,980,18325
18433,18366,18444,29759,29779
18435,12472,19062
18436,456
18439,18321,18401,29749
18446,7221
18449,6034
18450,11735
18452,416,6060
18453,18414
18454,14824,18458,19127
18455,14842
18456,18417,18967
18458,1018,29767
18459,11591,14848,18315,18401,18409,26934
18460,1018,14845,18451
18461,555,592,2018,18417,22594
18462,14988,18296
18465,18315
18466,125,641,11610
18470,11548,18312
18471,29754
18472,18483,23986
18473,149,18319
18474,18268,18480,18979
18475,10344,14809,28979
18476,18959,19141
18477,18271,18965
18478,19783
18479,684,18310,24552
18480,1058,11522,18268
18482,18548
18483,15997,18490
18489,16354,21698
18492,18701
18494,31933
18497,9139
18499,19443,24096
18500,19351
18509,8954
18512,1640,16742
18518,12714,27130
18519,9122,15185
18529,16678,18650
18532,3111,16717
18538,187
18540,2717,22908
18544,14548
18548,11115
18552,14648
18556,14142
18557,14486
18558,18560,18659
18559,16699
18560,13270
18568,4079,10408,24365
18570,636
18573,8530,30553
18574,3425
18575,14485,16555
18580,18592
18581,14472
18583,8118,19576,27169
18587,14904,15490,19275,24638
18590,14245
18593,23570
18597,18595,18599
18599,10673,16836
18601,4408
18603,11807
18605,6759,18585
18606,11502,25136
18608,2922,29069
18609,1183,10721,12649
18616,13540,14142,14660
18627,14744,18483
18631,16721
18633,11429
18640,14570
18642,16544
18643,14344
18645,18506
18652,16571,16622
18662,15460,16691
18669,3053
18671,7609
18672,8903
18674,15052,18592
18680,10404
18681,14640
18682,16571
18685,17872,19497
18687,16619
18694,10800
18697,5115
18702,2742
18705,14581
18706,14511
18707,30553
18710,6186,18853
18711,20551
18713,20646
18715,18707
18717,18882
18719,18710,18724
18720,18739,18775
18722,18781,18900
18725,5125
18728,6438,18798,28086
18729,18717,18884
18730,25647
18732,18737
18733,28485
18734,1297,20690
18737,18728,26924
18741,18873,18874,25242,29952
18742,1188,18846
18743,15504
18745,23818
18746,18846,20591
18747,55
18748,18717,18791
18749,22879
18751,18878,18907
18753,20862,30549
18756,15218,18886,25524
18757,20597,28950
18758,4471,18765
18767,3420,20565
18768,25588
18769,18802
18770,15727
18772,18883
18773,18894
18775,18736,29966
18776,1133,10123,13808
18777,24812
18778,18141,25629
18779,10407
18789,567,21181
18790,20351
18791,1663,15565
18793,5287,23581
18795,30549
18796,18802,18900
18799,18769,18914
18802,18717,18856,18919
18803,18864,18917,21734
18804,18881,20563
18805,14370
18806,15003,18907
18808,18773,18836,22536
18809,16813
18810,18796
18811,8424,18836
18812,18916,26513
18814,2361
18821,26822
18829,382,18906
18832,18725,18881
18834,14276
18835,18836
18837,20639
18857,18767
18858,27784
18860,13410
18862,30302
18865,8598,18708
18866,18773,18854
18873,7337,12060,17017
18875,30074
18877,20591,24885
18878,18907
18879,18890,30454
18880,18707
18881,12202,18780,18788,21455
18883,2054,30088
18884,18899,18906
18886,27496
18890,1580
18891,12162,21455
18894,990,2963
18895,29490
18896,20573
18898,18781
18901,13627
18906,16864,28840
18911,18899
18912,19707
18913,4703
18914,1139,3656
18916,18744
18917,10378
18918,4688
18923,18736
18925,28161
18930,18932
18935,25128
18936,18477
18937,11591,12917,18474,18500
18938,14845,19083
18939,18474
18940,19080
18941,18968
18942,18966,19085,19134
18944,16206
18945,12217,24079
18946,18260,18328,23428
18947,18480,19106,26640,26651
18948,11775,18275,18471,29749,29774
18949,4043,19083,21073
18950,15978,18944
18952,19143
18953,27230
18954,16207
18956,19070
18957,14999
18958,22141
18960,18333
18961,11610
18964,18286,18313,18334
18965,18966
18966,11478,19012,23553,25035,26668
18967,6268,11559,14939,18260,18450,18467
18968,16039,18351,18470
18970,14942,18318,25309
18971,11632
18972,11599,11793,19102,19103
18973,10977,19101,24965
18974,15101,16217
18975,18254,18303,18949
18976,11599,29020
18978,11635
18979,8211,15030,18322
18983,19014,26703
18984,18992
18989,16163,19109
18990,16016
18991,15065
18992,11770
18996,11632
18997,16143
18998,19095
18999,19112
19001,551,11865
19005,16039
19006,16148,31661
19010,18377
19011,3664
19013,19103
19017,18468
19024,8652
19025,15074,18428,30599
19026,25316
19029,19062
19030,15431
19033,26698
19035,19106
19041,16218
19043,16001,22808
19048,15090
19049,19043,19062
19053,7506,18324
19056,19096,25120
19057,14812
19063,5833
19064,11482
19065,16020
19066,19141
19073,18303,19062
19075,5
19076,21737
19078,15981,19101
19079,28378
19082,13235,18261
19083,18935,19087,23769
19084,11482,28495
19085,18975
19087,11509,16055,18263,18940,23750
19088,11466,18293
19089,19082
19090,11764,16020,21725
19091,18477
19092,2958
19093,14847,24988
19094,14809,14849,18480,29767,29777
19096,18985
19097,19082,24712
19098,18478
19099,18472
19101,16068,16121,16173,18259,18310,18338,18986,25242,29749
19102,18470
19105,16259,18949
19106,16206,28367
19107,5068,18982
19108,19118
19109,15460,16188,18324
19110,6204
19112,11528,11832,18290
19114,25039
19115,11599,14848,18285,18325,18979
19116,11632,22613,29759
19117,18961
19118,30335
19119,11627,11826,18297
19120,18995
19123,7302
19125,29724
19131,18296,18959
19133,10462
19137,18926
19141,11781
19142,18965
19146,19031,19082
19149,19222
19152,30656
19155,13235
19174,14681,22322
19178,12512,25376
19180,19931
19188,19220
19200,28946
19201,23397
19205,21734
19211,1089
19217,3123,28154
19220,26872
19221,412
19222,9340
19223,2158
19225,6378,10993,27230
19226,24582,30680
19230,21097
19231,4019
19232,6230
19233,4970,9807
19234,19269,22465
19236,2637,19237,24083
19237,12162
19238,28150
19240,6072,11924
19242,20607,24026
19245,2131
19247,10638,26474
19248,18810
19249,7312
19253,19199,25931
19254,1436
19258,25465
19268,19342
19279,19320
19285,4817
19305,25091
19312,11534
19313,19220,19308
19329,4101
19331,18025
19332,21561
19334,19263
19338,19312
19365,18406
19366,19976
19381,29475
19382,19409
19385,24451
19388,14535,19554
19389,19485
19392,17502
19393,17024
19394,2767,22739
19397,19515
19403,13896
19405,15847
19408,11584
19409,19526
19410,613,19133
19416,15151
19417,11081
19422,14493
19437,14721
19441,8858,19514
19453,14586
19454,14459
19459,19528
19460,17261
19461,19414
19473,8358
19481,2299
19488,965
19490,22892,28393
19492,27353
19494,5587
19506,22334
19507,15849
19510,17428
19516,19551
19517,19493
19525,19521
19535,13516,19484
19538,11996
19541,19226,21119
19546,13663,17336
19547,19523
19549,2323,12883
19569,2092,3910,12854,14074
19570,4270,19707
19572,2165,4446,21786
19574,2922
19576,24198
19578,796,19712,19724,22160
19580,19697,20201
19583,5031,19634,26150
19587,4436
19604,4061,19614
19609,11098
19613,560
19615,13442
19625,6934
19628,6141,23383
19636,5437
19637,19614
19638,931
19646,3154
19648,11287
19650,4108
19653,2337,13855
19654,12415
19655,3755
19656,2581
19666,4665,5695
19667,27436
19671,14969
19675,13962
19677,14767
19678,8363
19688,971,1422
19696,2354
19697,19700
19699,29880
19701,1142,20465
19702,2667
19704,5218,10629
19712,19758
19724,29750
19725,2525
19726,19905
19728,21694
19732,14054
19733,11917,20197
19734,24524
19735,19884
19736,19776,20206,25283
19738,10955,23004
19740,1135,4379,4385
19742,2512
19743,23361
19744,23995
19749,19243
19750,19566
19752,633,19848
19754,19792
19755,17971,24044,30214
19756,9609,13821
19758,13768,14067,19803,26203
19760,19854,19870
19764,1090,22427
19766,19842,25012
19767,19768
19773,26842
19780,28693
19783,30431
19787,15851
19788,2378,19754
19789,22328,28078
19791,12322,22422
19792,2351
19793,750,15881
19794,22314,25011,28234
19795,6242,19750
19796,5977,11734,22336,24083,24968,24983
19799,1093,19067
19802,3006,28994,31594
19803,19585
19804,24096,24961
19806,22329,24978,30948
19807,31342
19808,22336
19811,199
19820,19856
19821,3672,22312
19823,7097
19824,2224
19826,30050
19828,7037,22402
19829,3686
19834,19860
19843,6015
19844,12374
19845,24973
19846,15902
19849,3999,22434
19856,24070
19857,2040
19858,10591
19863,19861
19867,4306,20061
19869,24038,28706
19874,19908
19875,19707,28274
19880,11679
19882,1939
19885,25008
19887,29372
19889,19905
19898,380,19905
19900,1534,4338,25008,27115
19901,13047
19906,15953
19907,22341
19911,10358,22438
19914,19685
19915,15464,28480
19918,1656,2058,16318
19923,19670
19925,16769
19926,11478
19927,25674
19929,946,4051
19930,22438,26062
19931,19806
19933,5005,16206
19938,22323
19949,15773
19952,22347
19953,2113,19647,24876
19968,15468
19970,30481
19973,23756
19976,19959,20019
19984,29317
19990,5934,20099,20105
19992,20140
19995,2456
19999,19980
20000,20109,30993
20004,20150
20006,29740
20025,6650
20047,7762
20048,12634
20055,29459
20061,10581
20062,23956
20075,23717
20086,20020,20142
20092,19113
20094,26019
20096,15923
20097,13816
20101,19992
20102,2470,22145
20105,20776,24468
20106,4775,21649
20107,10063
20110,5188
20116,21057
20117,23456
20118,20122
20120,22345
20121,20031
20123,19992
20125,6923
20131,21643,26580
20132,20107
20134,25211
20136,26674
20157,27336
20159,15937,20233,20690
20160,56,13834
20164,27385
20167,20172
20171,617,22702
20172,1631,28627
20173,24921
20176,20175
20178,20288
20179,20332
20183,20185,30411
20185,4008,24868
20187,13395
20191,14020
20192,2008,22075
20194,22819
20196,20188
20197,6025,6041
20199,27531
20200,20270,28189
20202,20345
20206,20312
20207,20175,20233
20208,11304,22095
20213,7540
20215,18924
20216,20205,27388
20217,20316
20221,20176
20223,20192
20224,20233
20225,10429
20232,20173,20209,20245
20235,20173,26170
20236,20253
20240,20171,20175
20241,12293,20179
20243,10106
20244,20337,27339
20251,20240,20245
20252,20156,20176
20253,24966,24968
20254,20247,20260
20258,20178,20225
20260,20206,26368,27369
20261,11587,26652
20262,20201,20238
20263,3786,23669
20264,20176
20265,13073,28590
20266,1152,13826
20267,27394,30756
20268,16825
20269,20342,27715
20272,24891
20278,20312
20280,13918
20281,20330
20287,14597
20302,6360
20308,20332
20310,13381
20312,20209
20316,3393
20320,404,2663,4626
20323,20190
20325,20297
20328,31277
20331,20288
20333,3049,5987
20348,20361
20349,2457,31696
20353,4937,10354,12856
20355,20501,29790
20357,26504
20361,11873
20363,28357
20364,1098
20366,20393,20527
20371,20467
20372,6464,20443
20374,20352,20445
20375,14806,14837
20378,16035,30247
20379,8105,20400
20380,20391
20381,10608
20382,26481,26511
20383,30208
20384,16982,20529
20386,14924,20465
20390,20375,20490
20391,19723,20408
20392,15006
20393,9624,28146
20394,7494,20378,20443,30230
20397,20468
20398,20403
20399,26509
20400,8079,19518
20402,8049,14786,24192
20403,27091
20404,12905,26481,26603
20405,12883
20406,20458
20407,12905,20360,20384
20409,620,20532,20640,30233
20411,24580
20415,7805,8174,14800
20417,12708,12887,20467
20418,20443
20421,20328
20422,30377
20437,7962
20439,8016
20440,1506,8294
20443,20354
20445,30236
20446,7845,12884,20380,26493
20447,4973,20398,21051
20450,8260,14839
20452,12897
20453,20360,20400,20497
20458,20376
20459,8363,12822,26536
20460,29959
20461,3815,10746,12280,20370,26991
20462,7422,20474
20464,14986,20405,20413,30230
20465,1709
20466,1151,20444
20467,9003,20576
20468,26545
20469,13822
20472,14969
20473,1310,20404
20474,12708,21942
20475,20467,26535
20477,20493,27576
20479,11624
20481,20420
20482,449
20490,12761,20410
20491,20376,20435
20493,20437
20498,20526
20505,20361,20422
20509,12983
20515,8245,20533
20528,20398,22327
20534,9091,10383
20536,11908
20537,181,18719
20539,20646
20540,20677,20690
20544,16578,18867,26727
20546,20613
20547,31813
20551,18268,20527
20554,16102,20690
20555,19945,20599
20557,18910
20558,20698
20560,16196,20608
20561,20656
20562,12834,16215,20556
20564,20557,20645
20567,26542,26948
20568,7334,7553
20569,20468,26498,26512
20571,5048,6324
20573,19500,26917
20575,20610
20576,16200
20577,14141,20610
20579,14654
20580,23818
20584,16038,18227,20567,20651
20587,9900,14837,22859
20589,16022,20556,20676,20703
20594,20564,20587,20662
20596,5977,12708,16199
20597,20564
20599,14122
20603,22898
20607,20608,20609
20608,20561
20609,6559,10676,20573,31670
20611,20620
20612,16216
20613,16034,16039,19251
20614,24556,29511
20615,5598
20618,20267
20619,10835,30239
20628,20610
20630,417
20633,9856,30917
20634,18082
20638,23572
20642,20682
20643,20641
20644,20627
20646,8276
20648,24898
20649,16026,20626
20650,18902,22929
20651,15004,26538
20652,1531
20656,4293
20661,485
20662,16213,20708
20667,2720
20672,18901,18926
20676,5657,11883
20679,20579
20680,20553
20681,26476
20685,20678
20687,26177,30858
20688,5441
20692,20370
20694,5563
20695,18765,18791
20698,19622
20699,18305,29189
20700,18774,20557,20585,26308
20701,20598,26539
20703,16024
20704,18775
20705,2984
20707,9384,20597,20661
20708,2966,20561
20710,20573,20700,22880
20711,22454,26014
20713,20556
20715,11509,16037
20716,26497,26506
20718,20564
20721,18788
20750,20882,23515,28064
20752,15749
20757,16401,26601
20761,6207,20775
20768,10378,16311,20873
20769,10357
20771,24027
20772,27307
20773,24844
20776,2113,4393
20777,20576
20778,6191,16817,22510
20781,27263
20787,4445,4709,29737
20790,1128
20792,23537
20794,6857
20795,21687
20800,12713
20805,30389
20806,29297
20811,11817
20813,6101,27319
20818,20800
20821,20778
20830,7121
20835,9727
20839,381
20844,1519
20845,10714
20859,30261
20860,27267
20870,7794
20872,9820
20873,20493,27279
20877,20798
20878,5390,7965,9818
20879,10425
20889,2484
20891,8318,20992
20892,12627
20897,9784,17261,18118,18741
20899,9555
20902,5574
20903,20945
20907,27164
20908,22590
20918,28496
20919,10417
20921,13062
20923,25446
20925,538,1450,21320,27427
20927,14822
20928,21023,28812
20929,28665
20937,2487
20938,4890,21049
20940,15307,20990,22337
20942,18341
20962,18016
20968,17801
20972,9635,18139,20935
20989,26086
20992,7118
20995,17877
20997,13076
20998,12267
21001,6248
21004,4436
21006,5437
21007,6031,11566,11819,17822
21008,9362
21009,17977
21011,18046
21016,20933
21018,9356
21019,11473
21020,18036,18037
21024,20907
21029,15861
21030,506
21032,569
21040,23472
21042,2963
21046,8420
21052,21108
21056,21085
21060,21070,21203
21061,2065,24533
21065,1653
21069,29382
21078,14016
21084,21080
21085,21182,22929,29121
21086,9368
21099,21202
21102,2953
21103,5438
21108,2581
21114,11130
21122,16865
21124,21166
21125,21151
21129,21178
21132,21142
21182,11499,21067,22630
21193,21103
21196,21069
21198,21183
21203,6256
21206,24968
21208,28598
21216,1064
21220,23902
21226,30660
21232,21301,26551
21245,22806
21246,13222
21249,9091,21237
21253,27164
21269,12678
21280,3953
21291,31684
21303,12168
21310,19974,26000
21315,2628,3395,27369
21316,24572
21317,15730
21319,22619
21321,12322
21323,6265,30429
21330,11948,18358
21332,20873,28992
21370,10347
21371,7551,30037
21378,16802,17819
21380,11604
21382,12269
21387,1985,4806
21395,12836
21400,12589,21487
21401,8368,29358
21404,17486,31250
21409,30379
21410,21455
21412,7542,13747
21415,29985
21416,21388
21422,19767
21423,27319
21427,21488,22009
21429,12772
21430,26501,28762
21434,2098,23466,23689
21436,28807
21437,21561
21444,31600
21461,21379
21502,1140,4111,21461
21513,21626
21514,8818,25304
21516,2479
21518,627
21521,21602
21523,11508,12174
21530,21534
21540,21553
21541,11007
21546,17032,21602
21550,8892
21551,27313
21552,15489
21556,6547,9370,18896,30325
21562,27316
21566,21573
21572,25722
21576,7195
21579,23597
21585,9635
21586,1020,2782,19776,21633
21591,27120
21592,4361
21593,28494
21602,8895,18159
21607,25242
21608,12710,24195
21609,4440
21613,21537
21635,20190
21641,21738
21642,28550
21644,25864
21645,21656,22214
21647,21722,21757
21649,14009,21650
21652,21681,21742,28482
21653,5975
21654,21707,27149
21655,27104,28670
21656,26646
21658,21750,28447
21663,21675,21735
21665,21741
21669,21700
21672,24088,26957
21675,21710
21678,21731,21757
21679,14488,21742,21746
21681,21739
21683,21697,21768,27121
21684,5016
21685,3344,5675,6043,27121
21686,21749
21687,21669,21763,24956,27105
21688,14065,21712,27102
21690,31777
21693,21682
21694,17941,21751
21696,8829,21747
21698,21678,26689,29985
21699,11592
21700,807
21701,34
21702,9160,23142
21703,11003,28466
21705,21763,27120
21706,21687,29745
21707,5021,21653,21700
21708,21722,28456
21709,21745
21710,14823
21711,21757
21712,10944,16031,21663,27156
21713,24
21715,6180,21721
21716,22276
21718,21645
21722,6291
21724,21648,25469
21728,21722
21732,1150,21736,28488
21734,21726,24978
21736,16273,21750,30593
21737,27043
21740,6176
21742,27200
21743,21716
21744,17849
21745,21697,27353
21746,21653,21750,28931
21747,21725,24489
21748,21671
21749,21763
21750,6230,27157
21751,1115,21687,27116
21756,19154,21736,29805
21758,16468
21759,21731
21760,58,21775
21762,17558
21763,21691,21707,24132,27183
21764,21736,27153,31846
21765,21731,30890
21766,21754,22443,31434
21767,21653,21757
21771,28434
21776,4369
21781,20800
21787,21869
21788,21893
21791,3839
21792,21803
21797,6514
21800,20796
21804,29675
21806,16448
21807,21826,25013
21809,2969
21816,20767
21818,31314
21819,21828,29496
21822,26482
21823,8101
21827,2181,5436,20210
21834,9241
21842,15258
21863,21803
21867,28946
21872,30030
21873,21240
21874,16636
21875,7596,18002
21877,18786
21878,21700,25546
21880,13252
21887,15718
21888,30511
21889,15447
21896,11759,23465,28504
21901,24991
21902,30454
21909,12556,28658
21911,21875
21912,14132
21922,31106
21928,21763,28992
21931,4452,31265
21932,24844
21936,3425,21932
21943,21231,29281
21948,14082,29759
21971,13105
21996,21942
21998,7715,20546,25999
22001,2825
22002,3409
22006,1177
22007,21934
22023,21942
22033,1087
22035,1176,29888
22038,10732,22015
22043,28055
22048,17002
22049,6225
22051,21504,22084
22054,22124
22055,22068,27014
22056,632,22076,22124
22058,5363,22053,30511
22064,29777
22065,22076,25937
22068,2884,22115,22146
22069,22124
22070,15565
22071,22075
22079,2115,8156
22081,9848,10721
22084,22118
22086,10984,15688
22088,9058,16414
22090,4553
22093,18245,22068
22094,22098
22095,21322
22114,18024
22121,4745
22129,15574
22130,22107
22132,20551
22133,20512,22166
22135,22451
22136,21010
22138,29975
22140,22124
22141,3273
22144,22075,27850
22146,4461,19592
22151,13816
22153,16045,22118
22154,5393
22155,11520,11925
22157,22100
22158,20546
22159,18068,23142,29966
22164,22109
22168,22166,24898
22169,3630,22161
22170,28880
22171,10130,22073
22173,18056
22176,24868,24873,24928
22177,22110
22179,4466,22115,22166
22181,22207,30481
22183,28472
22184,2831
22190,16028,26646,31337
22191,30477
22193,16195
22196,6479
22197,13410,28472,30472
22198,26638
22199,22215
22200,26698
22201,1171
22202,5624,28057
22203,16028
22204,3808,21673
22205,5012,16065,16149,21217
22207,30239
22208,22203
22211,16240
22212,16024,16131,16157,16220
22213,22214
22215,19080,22240
22216,16029,16096,16155
22222,21716
22225,4025,22261
22226,24644
22227,22915
22230,14545
22234,3599
22240,17634
22246,22858
22247,16131
22251,9125,20197
22256,9887,22287
22261,22250
22262,16149
22269,22225
22283,862
22284,22253
22287,12338,22231,28814
22288,14956,22287
22291,16043,16169
22292,2507
22295,22260
22303,23235
22304,16169
22305,14063
22306,22271
22308,16106
22312,23802,25016
22313,6519,15755,24096,24954
22314,22338,22340,24186
22315,15826,24035
22316,19783,20392
22317,22338,24096
22318,22320
22320,23999,25009
22321,15955,22433,22619,25040,30868
22322,6061,6769,15913,22432,27666
22323,8670,19801,19922,23623,24333
22325,24959,25084,26040,31244
22326,3799,25084
22327,3357,7265,11529,19806,24068,24328
22328,183,4884,20200,25012,26026,31249
22329,22385,27430,31244
22330,22328,22380,23286,24090,24978
22331,22343,25000,25012,26024
22332,1151,19920,24943,26023,26034,26040
22334,8583,29437
22335,14872,24090
22336,3636,10583,24989,28781
22337,11976,22324,24030,24997,27411
22338,7742,28736,31240
22339,7984,22337,24099,31246
22340,29858
22341,18592,19794
22342,22437,24006
22343,21380,22427,22430,25012,27430
22344,15955,24059,27451
22345,3730,25016,27428
22346,26023
22347,22431,24975,24981,25005
22348,19855,29603
22349,19793,22436
22350,3197
22352,15733
22353,27464
22355,19958
22356,19806,22347,24018,24994,26025
22357,4579,25118
22360,22351
22362,14649,15944,22351
22365,25006
22367,92,22372,25006
22371,27462
22372,26023
22377,13818,18911
22378,647
22382,25258,26018
22383,15848
22387,15973,17308
22389,22346,22396
22391,25040
22392,24395
22395,24096
22397,6295
22399,19819
22403,22437,31236
22405,19831
22407,7860,15859,25112
22408,27405
22409,24039,26788
22410,15734,24988
22412,25084
22422,7894,25124
22425,25092,25124
22426,4256,22320
22427,22332,24095,26075
22428,22110,22436,27428
22429,7937,22430,22433,25007
22430,24941,24985,25996,28740
22432,19789,22392,25015,25117,28735
22433,24941,29256
22434,22314,31230
22435,22362
22436,19782,24981
22437,22435,25077
22439,15730,22381,22408,24995
22440,5651,22315,22318,23145,24007,30914
22441,22470
22444,29314
22446,26990
22447,22496
22448,22174
22453,22500,28155,29961
22454,12874
22459,22172
22466,2823,11810
22468,1625,30239
22469,16297,24196
22473,22484
22474,12507
22475,11933
22476,7831
22479,3318
22480,27351
22481,15050,29985
22482,18294,22062,22148
22484,1317,22470
22487,19782,23299
22492,27784
22498,22450
22500,22498
22504,22465,29995
22511,25918
22512,22457
22513,11955,22133,22444,29973
22514,4444
22515,10795
22521,22479
22523,5066,22071,22164
22530,21368
22531,3764
22532,9058
22534,31668
22535,6386
22536,1188
22538,10348
22544,6005
22546,8734,24085
22548,22475
22549,22062
22550,29939
22551,22475
22552,10091,24856
22553,25456
22564,30689
22571,31099
22576,22639
22579,1614
22583,22688
22584,24134
22587,9776,11917
22588,11621,24132
22589,4390,24104
22591,3878,22620
22593,10350
22594,25828
22600,4436
22603,12193
22605,1645,12897,22603,22687
22606,13046
22607,4449,6516,8326,9972,22611,24134,24189
22608,10425,11894
22609,5080
22610,24935
22611,12322,22599
22612,27164,27681
22613,18770,19862
22616,9570,10397,22607
22617,12552
22618,17836
22619,16637
22621,189
22624,24132,30353
22625,564,12565,12882
22627,13479
22628,6302,10536
22634,10433,22642
22637,8738
22640,22692
22643,627
22644,24630
22645,12512
22646,12473,29440
22647,10294
22652,4306,7927,12380,22616
22655,22637
22658,12434
22659,9621
22660,11007
22662,12578,22594
22668,22481
22669,10425,12259,12322
22673,28492
22675,9713,11906
22680,9299,9347
22683,22632
22685,3867,5571,22616
22687,9415,12283
22688,11181,12315
22691,4557
22697,2900
22698,9758,24884
22699,9839
22700,14058,24855
22703,22954
22705,4061
22708,1089
22710,18486
22712,20227
22715,9245,9821
22716,18287
22719,7702
22721,30977
22732,11552
22741,28232
22742,7059
22743,20312,22768
22750,160
22757,27436
22766,22794
22770,7754
22774,1020,10194
22779,27597
22787,1271
22794,27127
22800,13985
22807,2291,22788
22808,22714
22809,9863
22810,14034,20201
22811,11780,30350
22815,14452
22818,9804,17831
22819,14804,24861
22820,12726,26234
22823,2005,29447
22827,15621
22836,22887
22838,22912
22841,25099
22843,22891
22855,15018
22856,16182
22857,22908
22861,22858,22937
22864,16822
22871,16184,20621,22891
22874,20588,22842,22852
22876,16149
22877,22267
22884,870
22886,22867
22892,152,22907
22899,5002,7936
22903,18910
22904,15068,21324
22906,16216
22907,20572
22912,22851
22913,22908
22915,16073
22916,22254,22852
22917,22823
22919,20270
22920,15999
22922,29005
22925,454,16175,22276
22927,20557
22928,24010
22933,20650
22936,16032,22825
22944,13893
22949,22968,29957
22951,20186
22952,22973
22962,4100
22966,23041
22967,7377
22979,31831
22982,17819,30859
22991,6243
22996,26577
23002,27932
23004,8395,30859
23006,25411
23012,11154,27810
23013,14225
23015,26439
23016,22958
23018,30286
23020,23004
23025,11097,13879
23027,4989,14083,22965
23029,7831,19976
23030,25651
23034,29895
23036,653
23041,22338,29181,31345
23042,2120,4439
23044,2151,30856
23045,22985
23046,25008
23048,22999,25857,31312
23049,6233,14062
23050,21408
23053,22986
23057,16840,23034,23036,28782
23060,6769
23061,18781,23057
23062,4663
23068,11941
23073,23833
23084,729
23091,16676
23092,14824
23095,31970
23098,16188
23100,12879,23128
23104,23772,25574
23106,21725,23804
23108,5012,23097,27275
23113,23174
23115,21215
23116,3208
23117,4076
23119,7837,24301
23124,16173
23125,9337,29009
23133,5207,23142
23134,23124,27124
23136,14978
23142,31266
23146,19774,20183
23147,2742,20023
23151,23172
23168,14895
23175,23134
23178,3825,25781,31121
23179,10254,28575
23182,6650
23198,30882
23201,31238
23204,28478
23207,26397
23209,2936,27286
23213,11623
23216,5625
23217,23205
23218,18874,31953
23219,1112
23222,24844
23224,10435
23233,616,2587,26371,30808
23235,14853,22398
23237,11765
23239,2491
23240,24632
23242,29400
23243,26067
23245,25985
23248,419
23249,16436,23230
23256,22062
23258,23037,25333
23260,23108,24095
23268,18404
23276,22306
23280,23238,31524
23284,20070
23285,1025
23291,16499
23294,3023
23301,26931
23302,23223
23304,23095
23310,28601
23312,3370
23319,2128
23322,23911,25268
23323,12500
23329,24205
23333,20377
23339,10378
23355,8609
23357,7609
23366,23405
23384,12259
23395,22038
23404,12310,16978
23406,14959
23409,17562
23410,15723,15925
23414,23318,31257
23415,23366
23416,22848,23412
23421,7055,27460
23422,19794
23432,28872
23437,26254
23438,1110
23440,18477
23451,8845,19105
23456,25412
23458,4942
23459,29190
23462,24947
23465,6207,23452
23466,4463
23469,20190
23470,23457,24569
23472,15922
23473,23232
23476,24618
23481,21691,23482
23498,6122,17923
23501,23479
23502,17818,23474
23505,30299
23509,19783
23512,12325
23513,24528
23523,5737
23524,8752,11287
23525,23469,23877
23529,8601,30178
23530,20169
23535,23483
23537,10302
23543,2316,9270,12499,26072,27554
23545,18868
23547,750,12856
23549,6725,15746,23553
23550,10984,17736
23554,956
23555,10955,25211
23558,7291,21786,29460
23563,18122
23565,23626
23567,11554
23569,15998,24026
23571,14050
23574,22462
23575,11602,17800
23576,28548
23578,23549,23550,23626
23579,428,28805
23580,10964
23581,18910
23582,24904
23584,18295
23594,455
23607,19141
23608,23553
23611,4556,20375
23615,7259
23616,9453,23606
23619,23635
23627,23698
23628,11934
23631,11968,23556,27394
23633,23582
23638,5637,23634
23640,14845
23644,2858,10819
23646,6262
23647,29280
23652,24552
23653,16328
23656,11050
23659,816,31823
23660,23700
23661,19564
23663,28804
23664,23737,27690
23668,11499,23737,28853
23674,23659
23679,10955
23682,3829,22199,23740,31917
23683,12903
23684,4785,10498,12751
23686,12557
23687,29425
23688,27700
23689,29008,29662
23692,10751
23693,16379
23694,11631,30110
23695,14463
23697,4097
23698,4085,6769,26905
23699,18246,23572
23702,21178
23703,2468,8049,12714
23705,27747
23714,28829
23717,6409,14597
23725,5334
23727,23589
23729,1517,22638
23732,2967
23733,10909
23735,10926
23738,17024
23739,3427
23741,25144,25272
23744,27705,30084
23748,23738
23750,2796,14133
23753,11971,23765
23755,6573
23761,28817
23765,23722
23768,2530
23775,18248,24839
23791,15866
23793,872
23794,28333
23796,31254,31847
23798,6845
23799,20695,23823
23800,23837
23804,11762
23811,3048
23819,7801,24327
23821,11775
23825,2417,14604
23826,23768,30458
23848,8643
23872,12483
23873,25984,26277
23885,23900
23888,4979,12668
23890,10556,23737
23892,11003
23893,976
23900,24111
23912,9571
23924,16864
23929,23891
23938,23884,29204
23941,2161,19161
23942,11335,30290
23946,12198
23949,8861
23952,23951
23957,23154
23959,15665,31313
23962,31176
23971,23906
23972,27135
23978,7097,23956
23990,24985,26075
23991,19780,24983
23994,15914,24935,25997,26009,31245
23996,15940,19780,24997,25009
24000,15924
24001,1214,15887,15934,15936,24961,25122
24002,15922,21693
24003,15749,15830,24095,24952
24004,13735,15753,22343,25005,26066
24005,15942,24098,26023
24006,5586,24950,25119,27408
24010,9309
24011,14613,23486
24012,15939,24994
24014,25012,26025
24017,24038,24088
24018,25015,26569
24019,15877,22332
24021,6935
24023,25997
24024,15945
24025,19794
24030,24994,31248
24031,22362
24034,15977,24025
24035,13047,15887
24036,15977,28514
24039,9352
24040,3292,31248
24043,26067
24046,18407,22432,23432
24049,24963
24050,24985
24052,15887
24055,25006
24057,4628
24058,24099
24060,24023
24061,20845
24062,31233,31249
24063,31232
24064,15931
24066,12763
24067,25126
24068,19856,24934
24069,8097,22360,24038
24070,24001
24071,15937,18147
24075,22325,29488
24076,19784,24005
24077,2939,3704
24080,25082,27425
24082,24090,25116
24084,15887
24085,22336,23688,24088
24086,25126
24087,24022
24088,15865,15923,24336,24960,24976,27426
24089,24966
24090,4452,22346,24978,26075,27406
24091,26003
24092,19812,22427,27419
24093,6154,22320,26050
24094,15718,25032,27430
24095,15917,19796,25019
24096,24052,24934,25124
24097,15766,15848,22321,22345
24098,15732,15749,22371,25093
24099,4419,7838,24101
24100,22436,26363
24101,919,15931,22315,24944,24976,31241
24105,9286,24607
24111,21033,28519,29744
24116,22572,23621
24122,9642
24129,9288,14007,28321
24130,24205
24131,30011
24132,4917,6310,30960
24133,22574,24135
24134,5395,22593
24135,25992
24137,30095
24138,9581,10438
24141,23384
24143,24139,24638
24147,10286
24148,12769
24149,9403
24155,6060,9454
24159,9534,9562
24160,10357,10391
24163,27133
24166,15007
24172,9586
24174,9642,11064
24176,24175
24179,24178,31684
24180,18862,24163
24182,11469
24192,27516
24193,1132
24198,22575
24200,19096,22593,27369
24203,9378,24204,24205,25671,30389
24204,12482,24116,30371
24206,6404,9662,27794
24207,17545,30958
24208,796
24214,27957
24217,7303
24221,4110
24230,9610,20875
24232,27008
24234,20797
24238,7965
24241,23911,24242
24265,10944
24267,4353,24284
24276,25992
24296,12277,16013
24301,27812
24302,24212
24307,2031,27988,27989
24308,14025,30333
24312,15565,18180,21435
24317,20775
24318,15922
24326,27195
24327,22510
24328,14033,15944,25023,26062,31246
24332,5977,15922,17554,25029,26441
24333,24006
24334,21725,24411
24335,2407,31232
24336,1614,18479,23942
24337,27316
24342,25480
24344,15858
24345,18689
24346,1126
24347,24976,25015
24348,7604
24349,11814,24394,31246
24351,19113
24352,1132,26000
24355,31249
24362,24361
24366,3548
24367,17599,21670
24378,25047,25048
24381,15727
24382,21700
24385,22229
24387,15749
24389,27445
24396,8708
24403,25101
24404,3523
24405,4159,31232
24415,15739
24417,26014
24419,17015
24425,24428,24510
24426,21112
24429,24447,26148,31973
24433,4907,13235
24435,24515
24439,24513
24440,24428
24441,24471,28065
24442,13053
24443,24459
24444,11463
24445,24488
24449,11805
24452,24991,30536
24453,24099
24454,16436
24459,7585
24460,24517,31038
24471,31181
24472,22641
24479,24431
24482,11626
24483,4012,21131
24502,1055
24503,6491
24506,21059
24509,24426
24512,24425
24513,6264
24515,24497
24517,24440,28492,30316
24520,4080
24524,2526,11549
24527,29649
24531,9003
24532,28736
24539,2034,28673
24540,28150
24548,24608
24557,26081
24558,10315
24565,12434
24574,28825
24597,7496
24601,19840
24612,27098
24616,24572
24620,30836
24624,15723
24625,27273
24626,5902
24637,17974
24638,30377
24640,22128
24641,31604
24642,4809,21096
24643,6952,15010
24649,1969
24653,24722
24658,4606,9236
24664,7785
24672,24195
24682,4470,6306,11245
24683,11514
24685,25212
24687,15527
24691,6260,22465,24182
24692,26422
24693,29310
24695,26647
24699,1735,24636,28379
24700,32
24705,7825,30391
24706,24677
24720,4581
24721,18186,29020
24727,24700
24736,24813
24740,23812
24742,5981
24745,31604
24746,1079
24748,16731,24457
24752,7595
24754,20051
24761,24820
24763,6563
24768,28964
24771,11564
24776,29033,29046
24779,25492
24781,1333,11480
24785,24745,26457
24787,24426
24791,7334,12744
24793,10730
24797,3688,29041
24799,5066
24806,2871
24820,14073,18081
24821,24764
24826,28504
24827,23293
24828,21753,24814
24831,11528
24832,9804,20342
24834,22807
24835,20336
24837,21547
24840,16703
24849,20240,31238
24852,18728,20203,27082
24855,9804,20235
24861,20274,23547
24865,20203
24866,22155,22161
24867,24894
24868,31755
24871,20205
24872,20228
24879,24898
24884,20602,22820
24885,24923
24888,22816,24914
24889,1190,20181
24890,11762
24897,12675,22698
24898,22540,24544,27354
24901,20181
24902,19753,20322,22808
24903,141
24906,49
24907,10274,16328
24908,14060
24912,11106
24914,20232
24916,25662
24918,9772,9851,17281,30109
24919,24912
24920,24857
24924,20268,21280
24926,27637
24927,24890
24929,20209
24930,15714,19781,23783,24992
24931,25117,27408
24932,11908
24933,15914,28556
24934,7707,15896
24935,24092,27314
24938,25118
24939,15728,19768
24941,15919
24942,62,15913,27876
24944,15829,16201,22337,22436,25032
24945,22340,31230
24947,15836,22328
24948,3428,22332,24947,25009
24949,15731,15803,27435
24950,25029,30350
24951,1128,15734,20930,25123
24952,24040
24953,24071
24954,15913,22374,24997
24955,3407,5369,14646,22408,24620,24952,25122
24956,15735,15745,24017,24053,24333
24957,19806,22436,26054
24959,22314,22347,24005,24096,27444
24960,15892,24974,24991
24961,6056,25019,26018
24962,6003,24965,26054
24963,15737,15746,17009,24993,25004
24964,22325
24965,22438,24096,24955,24960,26073,31242
24967,22434,31250
24968,1735,25112,26000,26021,27422
24969,15923,22337,23292,25017,25080,25120,25597,27467
24970,15931,15937,22428
24972,20613,24995,25015,25047,31241
24974,15952,19929,24021
24975,5339,7330,22334,24935
24976,22314,24064,25013
24977,7803,27747
24978,24100,25034
24979,22374,23994
24980,10639,15714,21005,25034
24981,24954,30230
24982,15913,24093,24099,27417
24983,19794,26010
24984,15740,15852,21440,22346,24950,25632
24985,15740
24986,3368,8613,15929,15945,22327,22435,25001,27980
24987,19790
24988,15818,24006,27581
24989,24087,27682
24990,11086,15955,24974,25107
24991,15939,22408
24992,15714,22385,24088
24993,24099,27416
24994,16825,24987,26020
24995,22327
24997,15749,15953,24954,25015,26021
24998,15941,21658,22342,22409,24989,27428
24999,11698,24946
25000,15745,15750,22378,24962,24985,27422
25001,22320,25030
25002,26054,26075,28446
25003,15920,27411,27459
25004,15757,15879,25062
25005,14055
25006,11006,11825,15737,15872,15931
25007,15883,22325,22347,23404
25008,25123
25010,6575,15880,15913,24946,27410
25011,15727,25093
25012,24953,24965,24985,26021
25013,15888,24395
25014,15914,24055,31058
25015,15033,20882,22313,22320
25016,3821,19864,24952
25017,15904,15923,20609,24759,24963
25018,15924,16813,24934,24988
25019,8606,22427,24986
25020,24940
25022,23992,27411
25029,22041,24962,24991,25032
25030,15259,24006,25601
25031,23991,24970,26026
25032,3859,24002
25033,24009,24943,24999,28146
25034,15920,25068,29596,31239
25035,24995,26065
25036,11835,23404,24347
25037,15749,24941
25038,24038,24945,24987
25040,24987,24989,26075,31232
25041,4527,15773,22357,25087
25043,24940
25046,11824,22392,24975
25047,25126
25053,24978
25054,28697
25055,22431,25382
25057,24364
25059,24010,24400
25066,7331,24049,25111
25067,5533
25069,2852
25071,19871,24336,27820
25074,22403
25077,14756,24972,26048
25078,28699
25079,15936,24972,31233
25080,24941,24995,25032
25082,15925,31145,31232
25083,6305,31239
25086,22320,22342
25088,15775,26072
25094,16427,24064,31244
25095,22393,26171
25096,25029
25097,24365
25098,15920,18579,31250
25099,24031,25068
25103,22374,24085,24997
25107,22351
25108,25017
25110,25086,25124,31157
25111,15740
25114,24009,31250
25115,24369
25116,24006,24095,31248
25117,24992,27430,31241
25118,8891,15735,24002,24950,26068
25119,5516,12540,25113
25120,16708,22338,22340,25035
25121,28729
25122,4440,15725,22318,22430,22432,24963,24966,25035
25123,31239
25124,24961,26014,27423,31232
25125,15757,25011,25119
25126,14005,24941,25029,25116,27422,28455
25128,20995,26451
25129,28814
25132,8187
25133,24643,24961
25140,4429
25141,6731,25215
25145,25164
25158,29738,30977,31233
25161,8600,28668
25168,23377
25175,3336,12994,25434
25192,25217
25193,8411
25204,25144,25695
25206,25137
25211,15437,24687,25156
25212,27297
25215,22571
25216,25128
25218,18221,25687
25221,22287,24689
25222,25160,25178
25224,23768,25063,29786
25227,25442
25228,31213
25232,26995
25244,2296
25248,24426
25252,29376
25260,18115,20395
25261,12131
25262,4751
25263,3985,10973,28554
25264,4446
25266,1608
25267,23906
25269,2936
25276,4732
25290,24745
25293,25291
25308,16
25311,7056,25234
25312,28556
25313,8575
25316,2874
25324,26286
25358,6506
25366,9588
25384,25185
25388,20186,29755
25392,448,6207,20720,23033
25393,2910
25397,11557
25398,16307,18306
25399,22346
25403,26475
25405,28463
25406,19154
25409,13530
25413,29076
25415,6738,25424
25423,30680
25429,22483
25430,25828
25435,20585,25434
25439,26337
25441,13412,26287
25444,4229
25445,20557,23943,25465
25448,8613
25452,6045
25455,24994
25458,23008
25462,3302,3795
25464,27119
25465,10418
25468,25438
25469,25781
25472,25457
25474,20392
25480,10376
25484,15398
25486,14837
25490,9340
25492,3249
25495,18395
25502,6925
25506,30110
25510,26062
25515,16279
25518,11206
25525,25521
25534,2054,15983,24744,27106
25544,23318
25555,7432
25557,30110
25561,13262
25562,22543
25566,29886
25568,11026
25579,29994
25587,4942
25588,17002
25590,25584,25595
25591,1253,10636
25596,12500,25662
25597,25653
25599,6268
25600,14055
25604,1575
25605,7276
25606,1955
25607,2486
25609,3656
25610,1751
25615,25638
25640,25652
25647,10798,25618
25654,19570
25655,16797
25658,15954
25659,4123,8366,25470,25604,30774
25661,23554,29148
25662,25657
25665,10973
25667,25208
25668,25746
25670,15440,27291
25676,18707
25680,14670
25681,9431,10043
25686,20693
25687,12874
25688,25687
25689,10947,26716
25690,7272,10673,11856,16434
25695,7165
25697,1494,28159
25700,10969,18187
25702,28998
25703,10942,30233
25704,21831,25692
25705,23570
25722,25671
25728,17788,30276
25730,16345,20365,31485
25731,11241
25733,23632
25735,25712,31244
25740,21458
25742,6346
25755,6304
25757,25754
25764,15765,23101,23438
25766,5026,26821
25770,12879
25774,20258
25775,12964,25781
25776,559
25778,14807
25781,2629,4781,25772
25784,2836
25788,4972,23319
25789,21054
25796,28696
25798,3033,7796
25799,23128
25804,15006
25809,18949
25817,25818
25829,18025,30298
25830,3851
25836,23901
25853,10586,31960
25855,31811
25874,25638
25876,17151
25898,31036
25902,13684,28313
25909,4692
25915,3778,25966,27055
25923,6732,28852
25925,14817
25930,3281,26957
25931,12674
25936,4765
25937,28189
25940,4128,11291
25943,9660
25946,9117,10187,23781
25948,25950
25949,21992
25951,27496
25952,3390,22951
25956,1884,5021
25957,5005,12864
25959,27300
25963,620
25964,11610,27275
25966,25951
25969,2042
25973,28214
25978,16419
25980,20559,25942
25981,25992,31536
25988,27280
25990,25961
25992,5616
25993,2094,25949,31509
25994,25961
25995,10695
25997,22321,25113,26075
25999,24976
26000,22378,23994,27466
26002,23248,26071
26003,19768
26004,22393,27406
26005,25104
26006,5955,24962
26009,22337,24072,31097
26010,7328,25011,25030,31244
26011,22341,27405
26013,25030
26014,26062,27445
26015,19099,22378,25999
26016,6199,19809
26017,4339,23549
26018,3481,24942,26020,26021,31232
26020,1650,4454,24006,24092
26021,537,15954,24961,25067
26022,15729,22320
26023,24333,27460
26027,2761
26028,27423
26034,26072
26035,25082
26038,22882
26041,24024,25083
26044,1744,6498,24711
26049,26053
26051,24985
26053,24005
26054,19880
26055,28719
26056,27422
26058,6177,24351
26059,25120,25843,27416,28711
26060,11622,27417
26061,24005
26062,24994
26065,22339
26066,15948,28682
26067,26250
26069,15954,26016,26075
26070,22438,31248
26072,24081,24087
26073,2537,22327,25015,28048
26075,20207,20395
26077,6037
26090,28801
26102,25671
26106,36
26107,5369
26110,11890,29762
26111,20191,29680
26115,30594
26124,24098,29546
26127,22907
26134,23465
26142,26123
26149,3383
26166,28837
26169,25609
26183,5063,11538,18747
26184,30532
26186,11007
26190,20468
26192,3379,17856
26197,24226
26210,13330
26214,21388
26228,28242
26229,26198
26232,26157
26236,3868
26237,23569
26241,27638
26245,11819
26246,23656
26254,28298
26262,18717
26263,30979,31176
26264,5819
26265,4898,6572
26269,3686
26276,16898
26277,6340
26283,5810
26289,11839
26292,2335,2426
26296,4435,23750
26302,12226
26303,2027
26305,15481
26307,16630
26317,16828,21763,31517
26334,2063
26339,22812
26341,14039
26344,10622
26347,1054,13918,31176
26348,28570
26352,28492
26358,23436
26363,27079
26366,14122
26368,6389,6510,24585
26369,5071
26370,27215,29959
26371,10982,23686
26374,560
26375,21819
26376,17652,30290
26377,23756
26390,10036,22322
26391,8093,21249,29276
26393,7728
26394,26340
26398,20102
26400,26560
26401,26411
26414,2528,5004
26416,25403
26417,16014,31383
26421,12668
26422,9084,20850
26433,31161
26437,26434
26446,23465
26449,9376
26451,591,11106
26453,17804
26455,21289
26457,18332
26459,4968
26463,8838,22996
26464,23570
26476,10414,12651
26477,6155,26552
26478,20686
26479,30108
26481,8640
26482,21673,26508
26483,20389,20413,20598,26555
26484,20477,31176
26487,26494
26488,12822
26489,8189,16435
26490,15989,20676,20681
26491,20370
26494,20454,20579
26496,28874,30092
26498,20781,26542,27629
26499,20399,20598
26500,20468
26501,27082
26502,20417,29889
26503,27877
26505,12991
26509,20395
26510,20468,26552
26511,641,11969,20529
26512,6291,13112,26154
26513,12780
26517,20477
26520,441
26528,3869,20389,20436,20649,22665
26529,2017,26511
26532,22489
26533,20357
26534,20551
26536,26508
26537,26476
26538,30276
26539,20615,20699,21439
26540,18538
26541,26546
26542,5541,10128,20628,20686,20704,30234
26544,28903
26545,26541
26547,1618,20579
26550,14815,18794,20418
26552,2880,26498
26553,26549
26555,26498
26566,24533
26580,21183
26582,28410
26584,5606
26589,21923
26592,15497,21177
26593,2519,21375
26597,29442
26607,8756
26610,5269
26614,14636
26630,7492
26639,11483,11589,11759,27106,27165
26640,11566,11753,19085
26641,27121
26642,22675
26645,26538
26646,14452,18940
26648,21734,21741
26649,19787
26651,6290,11556,18965
26654,23539,26685
26656,11624,13691,26703
26658,22213
26659,3278
26663,11894
26664,11555,19083
26665,11507,11652
26679,11652
26689,6319,21725
26693,14067
26694,21643,21700,28055
26695,11618
26696,11472
26699,872,11888
26703,11603,26666
26705,17574
26707,16677
26708,3933,26669
26712,21747
26721,21190
26724,2141,6091
26725,12318
26727,25677,26773
26729,19787,26714
26732,4557,7695
26734,14629
26738,590,26744
26744,8830
26746,19472
26750,483,3393,4444,8117
26751,25465
26761,19191,23173
26762,25471,26786
26766,29171
26771,11489,27745
26772,29186
26775,15699
26791,28836
26799,6697
26802,15937
26809,9758
26810,6769,10378
26811,5311,17094
26812,3868
26818,28321
26823,15676
26825,26834,27742
26826,17980
26827,12708
26830,26819
26835,7702
26837,15718,18414
26847,6374
26849,19573
26853,26852
26854,30201
26855,17847
26857,17847
26859,21413
26860,20005,26821
26865,18874
26869,2234,4446
26873,5732
26879,15655
26880,24963
26897,26552,26932
26898,16312
26905,4282,22078
26911,26918
26912,1128,26880
26916,10707
26919,1302
26931,18487
26936,20389
26937,26880
26940,26921
26949,20377
26951,28058
26952,27851
26954,20548
26962,6484
26964,1638,29596
26967,6045,21599
26968,613
26984,24228,26958
26989,17203
26995,14322
26998,27770
27001,26329
27002,6311,22807
27004,4278,20609
27008,8020,28570
27011,28508
27017,31823
27019,21644
27030,9317
27040,4693
27042,608
27050,23253
27051,20813,22013
27052,2242
27055,16802
27061,7855,30734
27070,2136,20935
27079,10294
27085,2126
27087,8524
27089,18324
27091,19198
27092,421,12925
27093,23294
27094,27053,27086
27096,12876
27097,31822
27100,26064,27233
27101,30948
27107,11520,13821,27180
27113,21694
27114,31541
27116,11888,21745
27117,11813
27118,2164
27120,4753
27121,8575,26660
27122,22817
27123,13434,16023,27121
27124,22737,27156
27126,11733
27145,563,21669
27150,21707
27151,82,27121
27153,28167
27154,1640
27155,21712
27156,2385,25458,27166
27157,21649,21678
27159,27121
27160,31442
27161,12693
27162,3772,27113
27165,15553,24135
27166,10854
27167,12886
27170,21718,21758
27172,27121
27176,11547,27129
27177,13038,27230
27181,27174
27183,1400,28461,31670
27184,10340,12295,15993,21677
27190,2432,4407,30471
27199,11606,26978
27200,21745
27201,5049,30108
27202,2518,11577,15263,22812
27203,5080
27204,15954
27207,27189,31558
27227,16922
27234,21731
27239,12527
27255,26061
27257,29207
27258,27260
27259,20738
27260,27382
27261,22767
27262,27300
27265,11832
27267,27275,27289,27310,31351
27268,27293,31684
27271,23324,26073,27281
27272,873,27269
27273,27302
27274,27300
27277,24176
27278,21691,27308
27279,16896
27280,27300
27284,21866,26142
27286,11457
27290,28518
27292,30387
27295,26157
27298,3862,30532
27300,7006,22651,27282
27304,21541
27305,464,25954,27260
27306,3355,5409,27281
27307,27267
27308,16001,21602
27309,27275
27321,27301,31588
27324,27355,28876
27327,20256,20345,30832
27328,12201,28886
27331,11604,27351
27333,4691
27334,22480
27335,26142
27337,27351,31280
27339,27355
27342,15028,27753
27344,20192,20347
27346,24912
27347,8117,26305,27369
27352,2297
27353,27351,27390,31293
27354,23228,27390
27357,6291
27359,18168
27360,16819
27364,16520,20187
27367,3003
27368,4733
27371,20966
27372,27384
27373,21188
27375,8097,24876
27382,9558,24817
27384,22014,23850
27387,21236
27390,2952,27329
27391,17832,24867
27393,7771
27394,9096
27396,22005,24098
27397,22486,24968,31227
27398,1057,17848
27400,16452,25023
27402,23995,26062
27403,27401,27412
27404,22434
27406,22323,25124,27414,31250
27408,496,5354,22431,24944
27409,22312,22391
27411,19931
27412,3938,16461,22435
27414,19931,22338
27416,11938,25997
27417,24002
27418,944,23999,24994
27420,24085,26011,31230
27421,2153
27422,15749,15955,22419,25019
27423,4732,6226,24959,25008,28697
27424,22435,31241
27425,22327
27427,25035,28714
27428,22348,26020
27429,8081,23236,24973,25008
27430,15945,22327,24098,25118,27423
27432,24348
27433,24098
27434,5920
27437,16056
27441,24101,24973
27442,22362,31238
27446,15770
27447,15937
27448,23857,25110
27449,24960
27451,22353
27452,22343
27454,25067
27456,4846
27457,22378,22437
27458,24963
27461,24954,24985
27464,13297,27421
27465,7717,25003
27469,26057
27474,16836
27475,27492
27484,27496
27485,20733
27492,16726,26018
27494,28070
27495,14051
27499,27509,27988
27504,20411
27505,19087
27506,7548
27508,16181
27509,5488,16996
27516,641
27519,27148
27521,18458,28192
27522,22214
27526,22337
27528,6276
27532,29529
27534,28474
27535,27526
27539,31018
27543,3376
27544,11800
27548,12500
27550,6005
27552,21336
27556,12884
27559,18334
27561,18357,27558
27566,10223
27567,26590
27568,2297,30716
27580,12715
27587,356,16421
27594,4304
27601,27233
27629,27678
27632,22921,27637
27633,23012
27636,10940
27638,2086,23979
27642,22510
27656,22334,27637,29728
27659,23368
27666,21931
27669,27637
27675,27661
27676,9840,26904
27678,24817
27683,23559,27621
27684,18317
27687,27838
27689,12287,12802
27691,27704
27703,5313,28188
27710,27753
27711,23658
27712,6166
27713,8611,27737
27715,27742
27719,27747,28836
27733,27736
27734,27747
27735,27700
27736,29582
27737,27753
27739,21413
27745,20471
27746,22327
27749,31269
27751,20361
27756,1909,27753
27757,2111
27759,3011,25551,27760
27760,3377
27764,9834,10389
27766,12544
27773,1414,20233
27775,25134
27777,19083
27786,13825,27794
27788,6143
27791,17240
27793,19051
27794,5999
27800,26321
27803,12558
27805,10942
27818,27716
27820,27281,27794
27821,19257,27823
27824,11440
27827,22320,30387
27839,27864
27840,27888
27845,20224
27850,24999
27853,4056,18429
27861,23173
27865,15658,26023
27867,4968
27872,31921
27874,10682,12885
27875,14884
27877,9355,12534
27879,1745
27882,29440
27887,2161,28748
27888,11573
27891,6239,9702
27895,6214
27913,3843
27914,10236
27920,24294
27921,29268
27924,26103
27931,51,28144
27933,6290,14286
27934,7589,24948
27945,30974
27952,19976
27956,10354
27960,10235
27962,20820,21707
27967,12192
27977,27979
27978,24631
27989,22493
27994,10429
28001,11482
28005,30065
28010,23390
28018,28013,28383
28019,12755,23405
28022,6575
28024,11303,15426,24300
28050,4084,23873
28058,30384
28059,11525
28063,13801
28066,20892
28070,5023
28071,25426
28074,9777
28075,28083,29600
28076,8830,28586
28082,20916,21010
28083,18747
28090,16819,21013
28093,6287
28095,90,6410
28096,487,621
28097,12662
28102,523
28109,10068
28118,956
28121,27322,28148
28122,4600
28125,8019
28126,11551
28134,28109
28137,16292,17031
28141,19792
28147,12326,28205
28148,1113
28149,23588
28154,18765,23377
28157,10623,13891
28164,23556
28172,3807
28178,27755
28181,28189
28185,6171
28188,20342,27555,28191,28206
28195,11908
28197,2504,6351
28201,21449
28205,10941
28209,3421
28212,1139
28213,5219,28205
28214,21333,28010
28217,8275
28223,24011
28225,15269
28227,6960,16909
28229,28403
28232,7265,20242
28245,29917
28258,12955
28259,27618
28262,5574,6584
28268,3545,31016
28273,22160
28274,3775
28280,2032
28283,28281
28284,28268
28294,7474
28297,12874
28298,1311,3100,17130
28302,23395
28304,26501
28312,4807
28317,29216
28318,11574,13081
28320,11636,24638
28321,23467
28322,25068
28326,9117,12562
28328,22948
28330,4446
28333,15919
28335,2111
28340,9408
28342,6029
28343,25602
28348,27848
28349,56,13235
28357,3778,25768
28358,1646
28362,11665
28367,6991
28368,22437,28373
28374,28423
28375,9123,28410
28376,28384,28420
28379,8333
28385,28424
28388,20350,27825
28395,28422
28403,393
28406,28379
28419,2940,29784
28424,18808
28426,27267,28368
28433,6564
28434,28448
28436,28444
28437,28457,28478
28438,21728,25488,28442
28440,21768,30639
28441,28453
28443,21659,27902
28444,29711
28449,8330,12209,14314
28450,28431
28452,28432
28453,18073
28454,16197
28455,14570
28456,21665
28457,28472,30920
28460,20237
28461,1185
28462,28487,30498
28465,22029,28434,28468
28466,28464,31337
28469,28482
28470,21664
28474,16266
28476,27478
28478,30716
28479,28450
28482,21654,21670,21722
28484,28493
28485,28450,28471
28486,21736
28487,21711,31458
28493,28461,28477
28500,27596
28501,6124,17612
28503,11478
28504,594
28505,2793,21199
28506,31442
28507,12718
28509,4444
28519,25569
28524,4438
28525,7832
28526,26942,28504
28527,10737
28529,3324
28532,1277,13475
28535,11897
28536,25378
28540,6772
28545,21932
28548,28495,28497
28550,8865,15677,29146
28551,21676,28514
28554,27138,29744,30724
28557,28601
28558,30351
28564,8848
28566,6163,23833
28573,29967
28576,8571
28577,8861,28191
28579,19013
28580,3859
28583,13816,29999
28587,14394
28599,10433
28604,5439
28605,15632
28610,11525
28614,5847,16140
28619,28633
28636,6906,23176
28637,8051
28655,16251,26411
28658,8107,28970
28659,25135
28667,18479
28668,26158
28674,30475
28680,27459
28683,15089,24768
28684,9284,24096,26012,26023,28736
28687,18757
28688,22440,26021
28691,24797
28693,26014
28695,9337,25124
28696,14208
28697,22332,31236
28700,22435
28701,9610,17847,22430
28702,24791,25122
28703,19940,27416
28705,4451,21651
28706,22380,24087,25268
28707,27960,28691
28708,5361,25116
28709,22334
28710,16974
28711,22347,24975,28691
28712,21241
28713,10423,16972
28714,26068
28718,24099
28727,6410
28728,499
28733,9125,21499,25032
28735,13416
28740,30364
28746,26919
28748,6534
28757,604
28766,23537
28768,7025
28778,4408,15007
28779,31820
28785,1231
28793,24630
28794,30943
28801,11050
28802,3950
28805,28804
28807,10245,12679,12815,28840
28809,12830
28811,28841
28812,12868,12879
28813,12688,23686
28814,16126,30693
28816,20597
28817,23648
28818,12943,23658
28820,28052
28823,5941,24997
28824,26501
28828,25152
28830,12675
28834,14987,27540
28838,12765,28845
28840,12870
28843,9574
28845,23679
28846,23646,23696,28453
28852,23687
28853,28824
28854,4768
28864,2351,28906
28865,24916,30933
28867,28873
28868,27355
28869,31044
28872,24234,27982
28874,14812,22701,31508
28879,27328
28880,28882
28881,20922
28887,5218
28892,886
28893,2992
28897,7022,9363
28905,19231,30991
28908,18262
28911,28759
28912,20686
28913,6889,16181
28921,29424
28925,12329
28930,23211
28933,27884
28941,3415
28957,15482,15650
28962,242
28964,20914
28976,28974
28980,11623,30235
28985,25702
28986,323,1608,13165,24974
28987,16910
28990,18478,22797
28993,18576
28994,27742
28995,4468
29000,4100
29001,25814
29015,3380
29018,31839
29028,9608,29268
29030,7855
29033,29046
29037,31995
29038,4907
29044,19977
29045,18492
29047,3841
29050,15922
29054,15010,22464
29058,24631
29068,15903
29073,25416
29079,10158
29080,29095
29081,25443
29082,26740
29085,2885
29088,29563
29089,9315
29101,15694
29115,22664
29119,28407
29121,9293
29122,26489
29129,22986
29135,1870,29158
29138,12826
29144,2971
29148,17622
29150,19980
29151,23662
29153,7941
29154,5570,16749
29156,31054
29161,23273
29165,29147
29168,15419
29174,29168
29176,3393,4775,30598
29177,12823
29178,30322
29179,29205
29183,23818,29215
29187,12298,29182
29189,6564
29190,4463,9619
29191,25862
29193,25858
29195,4304,29539
29197,10415,10715
29198,11843
29199,22581
29200,13980,29205
29202,19103,27631
29206,29223
29208,9807
29209,17562
29212,15755
29214,23934
29215,29189
29221,29205
29225,15953
29236,29243
29244,16334,22093,24759
29245,16844,18221,25559
29248,4961
29249,30434
29264,11890
29265,5582
29271,24996,28914
29274,12678,17287
29277,6961
29280,18965
29281,28607
29301,29304
29319,2121,22552
29336,8602
29350,15010
29356,16186
29359,11781
29360,18268
29361,20373
29363,11721,11925,26898
29368,12233,19792
29370,29022
29372,25006
29380,31936
29383,28571
29406,5792,12692
29407,8014
29409,421,21593
29411,8536
29412,27785
29418,19109
29422,10787
29429,1028,20118
29431,29440,29448
29434,6554,29440
29442,29448
29443,24333
29444,6510
29446,20778,25378
29447,12491,22340,30782
29448,29431
29450,24991
29451,8323
29454,10940
29455,30410
29458,4344,13400
29459,30693,30942
29464,5986,6469
29474,12884
29478,22336
29485,826
29490,12925,13081
29497,12340
29498,11723,27426
29506,7575,25471
29517,27260
29519,2130
29527,29538
29529,14051
29534,13802
29541,8593,25788
29546,50
29549,23404
29550,30136,31246
29551,24585
29556,21094
29558,7259
29560,26689
29565,22594
29578,12278
29580,19141
29590,29774
29592,26689
29596,8337,31543
29597,12678
29627,13995
29628,6256
29640,17485
29647,12269
29653,16764,25516
29655,2027
29657,22560
29658,29687
29662,2113,15485
29664,29663,29675,30301
29665,15661,15677
29668,4940,15497,27496
29669,23465
29670,29985
29672,29974
29674,30984
29676,24516
29678,3491,15670
29681,30756
29682,11784
29683,5016,12232
29685,1027
29691,15492
29695,28412
29699,23294
29701,23403,31100
29705,26411
29731,4324
29736,636,956,18318,18334
29737,2072,15051,15099,15101
29738,2527,14847,16826,18454
29739,15003
29741,1067,13256,14839,29774
29742,14083,14804,18963
29743,15004,15005,15026
29746,14804,14826
29747,3868,14806,18031,18461
29748,14845,15070
29749,14831
29750,14830,18312,28730
29751,14841,14851,14853
29752,1037,14800,21383,29762
29753,14824,14848,15026,18963,29779
29754,14811
29755,585,18260
29757,14839
29758,28903,29740
29759,15048,18257,19109
29760,15003,15073,29744
29761,18318
29762,1414,4281,14803
29763,635,14853,15009,15051,15052,29747,29757
29765,14850,15014,29762
29766,29750
29767,54,636,946,2819,18324
29768,15005,24009
29769,14850,14952
29770,14959,15051,15090
29773,25204
29774,14809,14852,15009,29754
29775,15073,29764
29776,14822
29777,2782,14825,14838,18385
29778,29767
29779,580,29757
29781,6174
29783,18232,18475
29790,28757
29795,15605
29796,13997
29806,15237
29817,31393
29821,30364
29825,2690,21633
29828,19084
29829,25522
29833,6153,10390
29838,11840
29839,2220
29842,18002
29843,23344
29844,12462
29847,11549,23462
29854,9642
29856,16773,20876
29857,31146,31203
29861,23104
29862,20733,23989
29864,218,24970
29866,20881
29870,27716,31668
29874,12888,20114
29878,11539
29884,21030
29886,14351
29887,9824
29888,30809
29893,6348
29902,11702
29907,17905
29908,14604
29909,1437
29921,30167
29928,3771,14674
29933,26086
29935,4966,13818,16971
29939,18331
29940,2508,31515
29949,387
29950,18273
29951,29961,29973
29952,29989
29954,22545
29956,22138,29977
29961,11004,29957
29968,2520
29969,29681
29972,22074
29979,6342,29966
29981,15471,20556
29982,15565
29984,29965
29985,6756,14976,27347
29989,29957
29990,1546,15695
29991,15663,29022
29996,27854
30000,21137,22115,31095
30003,374,28496
30006,21381,27530,31524
30016,30012
30017,26826
30023,21935
30024,30012
30028,6064
30032,12162
30037,15746,27736
30047,29113
30050,31330
30051,11936,13781,29857,30066
30053,30046
30054,28421
30073,555,22599
30078,30077
30089,14924,27369
30090,18900
30091,18741,27760
30093,28047
30094,26538
30102,18258
30103,21396
30105,5395,6069,26542
30108,5351
30128,18257,30149
30135,11908
30136,26335
30141,30147
30144,10721
30147,10122
30159,27567
30160,9110
30165,865
30166,10353
30172,4083,8068
30179,31836
30181,26754
30191,13074,19171
30199,6037,20584
30210,2116,27807
30225,16123,29760
30227,16055,25657
30230,6002,13065,14990,29760
30231,20715
30232,3290
30234,4106,7006,16180,27062
30235,14847
30236,18322,19048,29765
30237,18025
30240,16045,16197
30243,14884
30249,30239
30250,29759
30253,15025,16120,16121
30260,22709
30274,2350
30280,6563,22981
30282,28760
30283,3996,20492
30284,16718
30288,27211
30291,16987,23527
30293,12901,30286
30296,14786,31960
30308,26556
30311,12178,18147,30312
30314,1578,24968
30318,9429
30323,382
30327,10126
30337,3782,30364
30338,6285,6998,11786
30340,31622
30342,13261
30344,29085
30345,19238,22542
30346,4765,28530
30348,647,27794
30352,31666
30353,22625
30358,6294,15914,30361
30363,4975,4979
30366,30364
30369,9311,9316
30371,9364
30372,9622
30373,20473
30376,24155,24196
30379,26366
30386,24138
30387,9342
30388,30262
30390,1528
30391,14067
30392,27428
30394,24190
30396,30035
30402,16197
30403,2518
30404,12383
30410,1904
30412,9111
30415,5898,30730
30421,11489,18260
30424,27775
30425,19169,26952
30426,7817
30428,28998
30429,4500,14991
30433,46,4865
30436,546
30440,28052
30448,21220
30453,11872
30454,612
30456,26506,27232
30458,28863
30459,6248
30461,1413
30465,24053
30467,19801
30472,16176,16212
30491,26321
30500,16962
30507,10376
30511,13648
30516,25117
30518,10995
30525,30511,31711
30526,2999
30529,22098
30533,30840
30534,4769,21510
30536,10981
30538,18749,30148
30540,2961
30542,28971
30547,18853,31712
30548,30553
30549,2585
30550,18868,20693
30554,22904
30562,7702
30563,17258
30571,30575
30580,442,8979,24960
30587,20268
30588,1198
30589,12293
30594,13069
30595,9033
30598,16004
30600,29771
30634,30640
30638,4933
30641,25950
30653,12955
30654,4095,24806
30660,10465
30664,30663
30666,14026
30673,565
30680,27156
30681,26338
30682,16922,29903
30683,23278
30699,31158
30704,22397,29002,30435
30705,2038,6137
30706,21672
30715,7047
30720,30844
30723,23465
30733,6712,28968
30734,20847
30739,20735
30743,18585,26474
30744,28596
30745,24317,28065,28477
30748,18740,25520
30750,5343,10642,29959
30753,26419
30760,12505
30761,4998
30763,6226,30660
30765,12556
30771,11275,16176,30777
30772,18141
30783,8085,15673
30785,21188
30788,30786
30789,27100
30792,28440
30793,4378,9606
30796,29316
30800,1516
30801,8549,22461
30807,5071,26527
30808,15148,28383
30810,8372
30811,26340
30814,9836
30826,20110
30834,6733
30837,30490
30839,11290,20700
30854,20262,31065
30860,5163
30868,22996
30869,21557
30871,7267,11472,26961,29647
30883,2148,9036
30891,9519
30902,9837
30905,28824
30916,19223
30919,14803
30930,10128
30934,13962,30949
30950,12405
30953,25434
30954,24685
30955,12522
30956,29609
30960,24192,24196
30962,2534,4769,30784,30960
30975,28853
30976,27936,29440
30980,2297,25486,31005
30982,21520,30981
30987,11480
30994,14065,15784
30996,30006
30999,2010
31000,9328
31004,7796
31006,25604
31020,28843
31022,6648
31034,4642
31037,18236
31041,18021
31042,29849
31043,10268
31046,12845
31072,16207
31074,8341,30328
31076,14849
31082,884,3030
31091,17922,27377
31105,20160
31112,19986
31116,30670
31119,5650,18046
31121,31781
31130,11621
31133,7309
31140,12208,22415
31144,20269
31153,9325
31154,9827,10391,24329
31155,15264
31156,632
31159,30189,30459
31160,18474
31162,17256,23029
31168,24632
31169,20772
31175,10629
31180,11801
31187,16424
31192,21786
31197,18313
31198,901
31199,27302
31203,11528
31205,3158,31225
31206,31524
31210,14556
31219,3427
31224,21379
31225,9355,24326
31227,24421,24989,24995,26069
31228,25084,27829
31229,22368,24090,24982,24989,25029,26014
31230,24983,24999
31231,25006,26066
31232,6830,15968,24099,28146,31126
31233,6005,15934,17760,24349,27412
31234,22322,25034,26075,29779
31235,25006,25120
31236,22327,22337,24941,24993,25082
31237,24971,26897,28455,31239
31240,2940
31241,23992,24333,24985,26018,31240
31243,22437,24352,24970,25017
31244,10238,22347,22397,24952
31246,24099,25594,28739
31247,1198,15757
31248,24961,26035
31249,15954,24101
31250,13822,26026
31255,1646,23285
31257,6557
31262,11548
31266,4213,15665
31267,7693
31268,31273
31272,23546
31274,8303,18123
31277,27753
31279,10673
31281,10441,22342
31293,10580,29559,31278
31294,15453
31295,30290
31296,30331
31297,15752,22191,27248
31300,2502,23757
31307,11948
31316,413
31321,1175
31322,15463,25217
31323,21832
31326,19220
31331,18965,24714
31334,8751
31338,27917
31348,8063
31349,16276
31366,16383
31387,11499
31411,11616
31417,25129,30013
31418,12804
31420,9940
31426,28495
31432,23802
31433,27688
31439,11777
31447,2980
31451,22599
31454,1634
31456,16188
31458,25609
31460,7040
31480,31472
31490,13001
31493,7264
31494,25754
31495,525
31498,23405
31505,3079,27263
31508,16189,20214
31510,16021
31512,25847
31519,31520
31522,3860,9784
31526,11884
31528,9964
31531,26145
31540,24502
31542,28284
31554,22194
31562,7599
31570,2438
31574,31567
31576,3422,8365
31584,22824
31594,20567,23739
31603,8606,12674
31606,2460
31609,6155
31612,18221
31622,13873
31627,25623
31630,4431,20189,30881
31636,27252
31641,10336
31644,23266,28871
31656,29753
31660,9602
31663,6564,11653
31665,16259
31672,12872,17060
31678,4075,10418,31671
31680,2980
31681,2098,5846
31683,16216
31687,21032
31691,3363
31693,465,21078
31695,28479
31696,21736,23648
31698,18171
31715,602,31714
31717,21822
31723,503,22137
31726,1602
31733,23556
31739,5581
31759,9310,21381
31762,24300
31763,18330
31771,24871
31782,21953,25657
31783,3378,4445
31784,2124,10391,24333,31604
31788,2123
31795,4446
31810,6729,30484
31812,22629
31813,30938
31814,17938
31820,2170
31821,29351
31827,24212
31828,15750,21480
31833,24737
31838,19919
31846,18798,29484
31848,16332
31864,31863
31866,28860
31873,28539
31878,31874
31884,28244,28478
31885,24212
31886,23901
31898,12407,21645
31903,3046,9238
31905,30288
31911,24749
31914,12489
31922,8118
31923,26093
31933,11980
31936,14647
31944,29847
31946,27355
31948,15002
31950,7346
31955,5067,21974
31956,22626
31957,13039,13387
31959,20565
31969,24759
31980,3813
31988,247
31991,6263
31995,22162,30544
31996,24090,31351
31998,12529
32001,11491
